{"file_hashes":[{"block_hashes":["tJVkHQW2AFJrFai0/+1faokMSEHDLk655PPELD0ee0w="],"block_size":4096,"path":"css/install.css"},{"block_hashes":["hRKUoQXn2AqiRrVeSNgku+vx5pASUBABQf9Fb4ttRY0=","l1cogYSLqkokdpCg42hvixmeaB9ab9rmqEmis419qKo="],"block_size":4096,"path":"css/popup.css"},{"block_hashes":["6HeJ6bWPOYWnmVtee/Sg40Con6C7OsDWxaFQ8d1RFdY="],"block_size":4096,"path":"favicon.ico"},{"block_hashes":["AgMVH3aVDqeUlMOFrGbG+Z3Jy0gAN4gjKctLjjGdVXc=","l8EyP/4lqjiPJXTM7+sPxj7gPQjWTvTl8o+qHtI7mi4=","v/iPC+cUN1f9OUhKVE6/tkZCNQfjsju2Nz0WmCZL2uo=","zQChmLevDL3Rehst1kpUjjc6l/kEuSYukIBXDIT719Q="],"block_size":4096,"path":"ico/running.png"},{"block_hashes":["XtF5nNN/nuauFjYsnJJwWb9txbCEDUZFt0Bx0AcpidE=","LW9gauo7mQwd9udTGY2WcMQ40/8RpLl7u1FMFZilJLo=","WtKvjFMOxaZdqFFN/AGoJJc1C0OQBQoD6gWjcKzLkIc=","/5S5YTdRVm8qkWKeEA6A+x7ygPjux8Ik/Tm+7iX+oGk=","RfhzsiVscd135f3ueJHSbw/E4OtwiXhJm5+wWa1r+GA=","QA5TAVi4cDe199R6cCjHqwVojgDenWCKgXZfwp5Oxig=","erQLqaprA+xZtuID9z35v7wVDeH+5IOY2DzEJKAFaV0=","Lf6yFZDhQqm4qIYvmaF5Nbz7A2RqiV9JUIjBOCk/ADI=","8T1NbjKYjgfx8CG5Lu4PwdqRSdLzBPW/QAqzGAZbhZw=","+YI2UCPVCdjx3+dxRO0wd+4VkepvHd0Z6dKMlfyAjJQ=","UvYTKZoP3b7vqvFJtFDcCGWatBmwYCXlo0KUmEhtKhI="],"block_size":4096,"path":"img/bmc_qr.png"},{"block_hashes":["pQq3Mv30WwZtICjguxLBXNSERD0BYM7ZIsUFNwEfz5E=","Z0Aml+omtETrrB3u2P61BXx5lPwST6ktm2UjYUawnb4="],"block_size":4096,"path":"img/gh.png"},{"block_hashes":["diBHrqrK7xetjFjftv/abB+KzgrXVFC9OqAEfZwlL0E=","yuv5TW4qNnOcBIua7ovg+MhntN0z7W62RqwSIfC+W9g=","ayu7cZT0jzICNKDWajFeTTPBZDv6M8mOEebe/7lh5m4=","mExXKSWQbyRm7fd0e3J4Ne5mADyjYOLVE8yytjtYNCc="],"block_size":4096,"path":"img/ig.png"},{"block_hashes":["A/gldstIensEuRf4TH50j+GTnMIQDnEivOp6Bbh2xJU=","kIJCzjOehWpJKjNohj+660NlPREz9tOYSscD2ObcitI=","oTbJwkj2uvOe9OGfnIGAuVWi7hqx9/pMVLWCUZZilTo=","cypnMm9EC6L1lbNXtP08DUqT+3XQaLoV9gV+gDz9nag=","SDj9iq4KLDVaHXIHUwWJf9yw5VEYJs3g/BD7PmBdVgU=","3SmB1xgdk8e925SmMpsEakHMw+YNomY9EkzSI29lv5s=","JHrgsBV1umo5oH2gK1wAfJq643k7zZZ0hGfsuHgO+eQ=","OAn2T9wjYYjCCxxXd7aRkFrGLDrPsJhRpqwaFMcafgo=","rvTf2d8grAIsLrVRILSDQirH07zlOIA8LsYOL5EHxpQ=","aYhti9G/byypNffuuTkmZq2+Mj+JGhhnaR1iuXpPcwk=","n0VgG1/7iE3qJl6ZW7BnStNIeKSrhMW0OrSrm5A7TYw=","Q5u5bYpDD1QYLPJidQ3Aqi98iUOgvo8i7nK3aKIRbb8=","ZSZgGqAVwx07rzYYHVLYVkLUfCgGMEaYeJZZOOmKibY=","4+0h1MGE5ID0lVb0pE146kS9oeC/QyCryrXy0BMjN/s=","fD6FDf7whT5TuNTOo8l9xTy5MyjQ0npYQci+mkcUbHo=","mw70GseWyh6IEG12HyqEHyOGGxJ36dVsgEdRYA4JoqM=","qwREQiI8y0x6mnI1HkzKCu8kr5AW/j2Ds1LV7zfMJrk=","frUSB9SlTQ+sTa2yYicQOsQ55R2WoYZFCEar0jTHuUQ=","gH7MhBv+UDs71hML94bVJJH7IpICPIgqnMmPkIRL0Uw=","3SaH9DvhLdDB892zB2o1v1TSdbqxb/XWBd+9whZ3rSA=","O4EoLK794u1hz/uxHAIYqmNTpLAurGl2F5cRAnIlQFc=","cR7Xn99KsktDvbY4mA6s3R1siDxxThuoN+Si5c3R1+k=","II0HACFNDiHE0RL3ua+fVw+Vv20jD+wtCrZn0tdzEhc=","bUUvV2pb7NPJnAu9zhesBZGVVA1YJjm2NmH5q2YKszw=","CUUPofioqST/EoRkRLd9iS+VefhLFneWAfPDUw33nOs=","bIsb1wPqxyHYnW1MHosm3zpVSQ9D6myNnI85OLMxPVQ=","9xfJVeX4lt4GCwBiybnvFwm312nroGQcv6fu30aGdzM=","WtXZ7o24S36V+0stcCk6Y3GynvyIWYXFUJnXDuLzeag=","EnkhXElnEmMgMVs8NAi84xHZlCICvacuHytB4SesYHc=","bXIayAWFQv23PuXB+1AyyiYTSpBIUSOce7Ixtzl1qY4=","sV2NkfyNFGThh5pcCjkENjhX/w8LfUCKXDB/kzsmPe0=","rIzFscGLlM52M4UpGRMm5qQyW/+jiIYU5nQIENib4gs=","quPf44NS/U6qAiq2CKoJscII/fBBvRAAVs2eMbb1s7w=","Wn9W7b+/cweNR5Z/+t7FWvhHxUWxo5w04lgJuWDZnbs=","6RMdggKTAtSqs2NbiTuEvkYm8uHEVitFHlrpUF5bZbQ=","6WimhVyzjaTY0XCYVBZwCW+JBoGEVAgkx6OTY3gDNRY=","cIK81S0FSeZ7Nohz0+FywZDJ/iJVbk5qr4irGrL4U8k=","X4HnetEn4kY0Ke7DIYBJGsqgmJdzbEG7h6czv7RYTpo=","jcQho2L/k+AS++Bx7GdtxEdPLssn+C5PfyizWRdllGA=","621rZ1Ka5JeeZqN47Am94oPQevzpDPugU0HY0VWODNQ=","1EXxcrLQPErTYAkfpi33rKOa/6hZKt0GF8EhIJZPq3g=","NwEsOm+m8QtEeDHLRi1xM7MdrJShGO1Wf3RQScMGNzY=","RFVOVkKFtXs+EUP3y4a0j5gCYVhKlkKS3eI9Ces9R5g=","lS/PIKLspUSQG9cabzC2NHHEJLN65sM2Qkf7dhp1zy0=","ORFqrANhH1WAshowTI9AyZ0h3anfEFikoUkh/ETdxCA=","2c7eq62jkXpt0c6Dig5DocYOzJgJ7Gqbos+B2+hr2yo=","LCDuzbCOaXt7Sj8OjjBPvXVqZQtDAkVId18Ez3Jn1JQ=","vaL9DGWePNp8V/1xHEIOTGd+GL1o27W4DWHPPcoUCnQ=","bnyjgMs8q2D8/pE8yX3hWLUws4TI/Afs0oG3QRitiI0=","jdLeMKpdmOfbsqpoZD0fkmVYUYzAn7iD7zVkrOqFsIA=","Nz9inMqMCnWvJW5a4cINAvhlGRC6rGEvm2dPFTQoFYc=","vuNrBc3PAEXclMZQFvZ6yeXB/u4bGSadeyTGLmk5ymA=","Wxi8BCTktoAhPWZz3jOJ5TqPlyhqyN7U44tbdv4cuwU=","BvRp2L1jLLAmY4TP8dJl1kwUG+XLWBHYdDwX3ifI99k=","+uvbOY8ylGMGehyKm3e9FUbDjUXZG4/OUBNF8hDOz40=","qS95M0h2L/wvvxXXiZjfgMtLIkkhwqMmLCnM4tHshWg=","33HVxuR7P6kE7MuBp38mFUqKTTYaEgmlDgE48kqHLH8=","wcMprxQNJqayUpmzFFZ75M/qumCcNnhKFVHoDHADvIs=","pULDD+ihAKtRyuYrdaKtWgJsjQY050u3qugeJ/A/koU=","Xdfi+4prd8bVKuahkfSRfqFKWqZAh4sCT3GLAYEMAhQ=","pcfSeNPuNZKm+MAVbdP2Pntxa2tDaqo0xoQ3qIR/7Sc=","ezEwHL5o+Js5rJqm11/wPm8d6zzIWjV31+0QiiCFBgs=","3xN/FMJ+fiow45mQCk0iL6pXELP/RM7/cecs+iEdjWY=","4FCXzXkBVKzZst7ZGzKVLG1ggzFPou7PEdSqx6wogFM=","REpD1dOuyQ5asfkRkX0l7vZoPz0PEWIuuLZaN3MWpZc=","C8GfGv5mKta/VJuxEmZVj8UGLtuSbAAoUKq4uZe6+OY=","7134uFWx+wbXv7EzqTDIjRj5ee0tNBJYE21hb8eQ+I4=","h+aRLZw6aSv4EV/tg5zYycQHDMqwHH8DLKam8TyuB4Q=","3x3PzJpLdSgUKt+K8jDBkyCmdM0dV1N0UwFo5u0syO0=","SgCdguAONf2TSzmaMX5JbYbUEHMN0E1oB7lE3VcTji0=","mRV8bgOSBcbrze2PTvBHM8MeujgeDZUCoTKu5GulyrE=","TfyWKldTBnwWIRmb+SRI8Ak9anxFxvLjmIT3pT9RTdU=","uScngyB8URZUaYQB5eK62sa16U4gruEdR8rL7x/+avE=","p7GxOOGBL0yuwSfElWW7bp/LCW27OrfIWKLYmPKsHnI=","M+yBpcwqMHPpCArdoWdwvpeahSs2/jsXVXt2CqQ3EM8="],"block_size":4096,"path":"img/kofi_qr.png"},{"block_hashes":["gBAkeWRV1Vm2khuSA3EJC59i2/Fjd1vwMyofea916rM=","EpjBSNcIbbo9lkM5e5q8JLR312ir9YgFzQ6u2hRRGcY=","oj+4UBKkoKVkjQDCgDp3yBZb/OfCSbt5Ph75kk33Z3A=","LZURw+QLbxN+wjKbyy1v6PefucoekR9lCU7OuVh/xBI=","vCu0PGkb0E2k3SA2MiJCo87rh196oJTJA8MYC1Ah8oo=","tDWe8VZPZLsEC9cE00pv1FWI9jTCChIDWAKoi8WVq8c=","cbOVCxhI+xiBPB8G9kC4VEuQUOAUi/IdD9vlscVwLaU=","bnYb3SzT5gN/W/y+ODtB1Va5Y8i5W8a3J5p/MuhhVmc=","sB19gpUPU+eUGqqA9mscw4q4cS687j8hwntjtdo8mYs="],"block_size":4096,"path":"img/paypal_qr.png"},{"block_hashes":["JzOONiBgfITIserWouENqcQrH9YJjUKd2c9wxwkSb2k=","c5bd2iP+a3B0cZnbqyDB0kTyFlHVS9jQAv0gX8kN0RQ="],"block_size":4096,"path":"img/yt.png"},{"block_hashes":["e0Cvp9nkjw3tLt3NCfpXhTHLAGEhP9XotvLI4ai5zJY="],"block_size":4096,"path":"install.html"},{"block_hashes":["obqsOmWIf+u7RNjmLCOV3W1Z2uzyBwu1Rn9MhSz/du8="],"block_size":4096,"path":"js/bg.js"},{"block_hashes":["N1J/bztThmP1JT7DiIcplaRuSx9w1XDtr2n3bfj5U7k=","89JRFsGurlYcc6qdAqfTFB5wB5W/LWrVwJgASz+47G0="],"block_size":4096,"path":"js/bmc.js"},{"block_hashes":["w7P2a0jSTTRVNw8Z0T83I3FgBmyvdSM1fbOaSUdOXYE=","UHeL8uxCoR6Dr8RriMmmxywezM292SM76N35FhrgqTk=","1W1U/9q8HrLNpUgt3Jw4QzNmKcSpkUIVeb3Y9WqLmss=","lSTo19PoOhmwQT0YORtLejSQAEIBU5Q5r7+1JHZ6TdI=","icIvZfEE0HeJnCujA4UbICcHrKUrXqtIQgytenG7T7U=","hU6xlowZAivMhGvq0RD2udr3s0JZvYRy2CK+Zxr1LUc=","CbXv//j8bX9Y0T00/pn226H27xsoaPAkv4M5kNCndwI=","qg+F+Ec7uIKup42TyBfI5uH9JTk+A0twztAabQ5716Q=","FlOCSaelpm+rTgT/FC1YS8J6Ll7c0mg8gfT5nDFHl/Y=","V4Tz0RJkwIauWe1kKFjI8/MTcIz1LFuCxiorcJodCw4=","gdTnvHVJEg1X/4SriKr4Kiv07QkiqIgLD4b6FYzyvIo=","EgdcARY0T/N1YJQbgRi11PKetPhPcwHzbwBVVnFstd0=","/XTbzupw0ExVlf01o5kUPaQpI2WYzVW71OlmJ8fXw6w=","W9LI/9LpOtivK475Syd00fbv4Mq/wd25APjcXOvVlGY=","qdjrUxtzQDvfZSEOB/Oz4U/yXckN7LtTPc7OXYZUhu0=","n3Cv5bCV5jWFQlnm6Be9Nb5aGFnVnkKjSN7nb1MeVTc=","YMXBrZhh7EafcW4Z75tpDn13yU6GGW9SwyDbItMawpM=","x+5R1pzhHpHC0SplhszavYErGE6kgu79Mlo7iyqbc0A=","JQRZQG3+ngFlmxBNZVxWB21JO3IwyXvmgIoExeWmads=","PGR2Of5RdYs/9m52k/cVzFe4YfhGfYLRozKMjNF9XpA=","vhEBmWKTCVvbXAVbcVeq2druON9XroOVbN6KiLihhBM=","6yXc9A3sH2XltD1jpSIPNWGebyMNUej605JbThwYMBQ=","lKv9QpnIJRskmI4S4xAwls+LzbRoVSkBSKy4JpP2Evg=","N9Zq0/wJDAOzVBJK65x01dPaPPvTkCD4zx1oys/Ohi4=","XIHwORP8zvFMv7t6gL8vfgOzym3uGPYWAty1uwpzSlk=","X2H/JIGsOlIGptlT8WRZQk6ZknQoYQL8GWbCeFEuNLQ=","OgPp9+Gkvr2A5BiDkPsEhA3yYqYSGSVMGntZ+madIXY=","besjbNavh02lOMSdJP223i0B0Oa2lOY1P/7LvhD8Lyc=","LAWD1Pe/X2ZeejjhYy97DlFJDVOdpruBg4xKjyfU8xE=","SMc8rvmCCXwdyRcxARios3AxxOyPs50qu7vd1Ezqi3c=","2IkQ1vV+jz3vRWzoqTBDsOSvoljMjUjDs5MH7hA/8QE=","wkw98ZfuPyhoNsqzG2f3Ual1EIlAojEDeptXbcm7bho=","Hz79D9WzdIq2PqsSNO7uHueXENIvDeK9FSCUYeBAeYA=","obvwWmPz8ISSkLtRJepLlxHXhCgw0A8xPuN8wPVM+9k=","7OBclL+IRH0+TCg0XxnU26SAu9vXR2gA1mkFLyNrOwo=","7opA8OV0/85+6JHkTRA2iBTfNxuaEs0pp9sKVqkRozM=","C00WbOG0Moy4Ncprz4GQlI6FrGTTZski7UL4fK12VVE=","w3BxPndwhd3dB3isa9Qlcw+ZlsZTGHCmxYEgEje213g=","P6ANa3W69OaNDb/J12HiCBc/0j2S3q9HkXJxDgQUSuY=","a286EGcjbC06Lqv9tX0Nqz3lDMMbNseSpKDn4C73N+8=","gzjRkQs6cim5ElPMQiLj5+12sH0OcmSK2kTO9tMf3KY=","xn8HM9RsT9Gf9KTrSDlVGsg/rbqm+ocGyQcv9T5aHQg=","dyjLRc4UCEvA2foNyyF6Agh7wavNu3iGqDzKQIxo8ks=","NhNYDhKcX+0oIRk94Ew6PuFkdabfTm3fvQXT5E/1Nno=","7mu/2SgSj9xKfzWqWKfEhg1fghhBMcabPxvC434GqAs=","X0QUwXIURu53IhaMBQssHNeLGqtzUcfVMskM4uRX16w=","9MbUWNV29jbUDJd8ca8B0ITe7tM5kYPD0EUqP6Ur0Y8=","r2mqcqNy29EjhoSCMg90LUf0m232KxlrZZK+6ndxRIk=","/K45ZLlcyCahno/9xUheGL1GAqG/tABHrhWrzQh05yE=","tf/Ohe1pJ8mFwsXqbB9LbcGxjOBfSMuhDhAzLCHI+oY=","G4xVDPbTJsIQiKpYl8tQoeRwZHY+cKPfjwRyUB0bjyA=","xRYIUE/H8jgahZFqY8/1bXGDy0RYmiu0mabqszUlrXQ=","YWw5ZaJQYlt6unXW8F7T/FpF8v0eK70IyYzVU9WBOTQ=","/uxFw+9j3e21KPLFxwTPyGBNvdk//ClB9TI2c0TtkGM=","FrdmJuhdktBZnTS/cjvN/3fQwj1QIq9YOZLmBoGmnv0=","JDkikIGXw+aiA6d+oxE8q8nb8i4yfr0u9DAftwLn7IQ=","C10pZmHhphU7SZNIKrucctXyq+EAUgvx9MrkifXObrI=","BrvaZd3idO+gLle90Y1+4VFkIKdYp/gDcBq4GYl0wpk=","alwUZKUFTIzU/6PBc2RGZcqR0Zidzw8jV1vlxr+eczU=","k8tly0wNkeLvYUuDzamoaTZgXBUd7Ej75c2k4xGqXm8=","BKievUqKbzs+7cBkkEyrX/zC7/Q1IRYoaZ9UITQrprg=","0jy9nudVEXf7lltbhS4PBUAv/znPQL/Fnvaco9y/83c=","wfwbw0GiC+wgKICHfbKTUIyBNzX/q6gjCyLF+NsDq/o=","zDz0z8H4ynw+xpW3tgYrQtxihmdfmPFdAmAzfZDeIN8=","Z0grW7F03QFCuQPxFfsVrDYbatxOEaPbwKtCw0x6/vI=","W86x4+vFiDcQ0s8UjM8sJEFGMzMGOEzGtzE9/rgSpAQ=","cP1pjZwQu3oiCzI0+TIYRCOdwrll6jW4TG+Cm8DiWt4=","7ZzPUzsrhMcMp7c0HKIru22Q83HVPoMP35mkYH89EQA=","I4ngWSgKqd/Xohmh1mb79IQOeC3s89k/TyJovgVb1mw=","RH7uXZ7lhVWMnEtrsMKmBzw0O/F+1IC4mUclsM8pVTg=","vsqjx0tMecNKK0vd5kLnI3+DxZ5vfIp7xsZ6CYEgnl8=","q+t0JfGrHZsFcYF+9Crwcu7TvKT70r2YaBDGWogX7qo=","O2Fqu22nJ4jAwCvABE5ILDV9e2U2nky+34U99vB8fqs=","PW5BVWKNsD6R8k0NKL14U9ieAvYl1I1hdbuZpmVvXzk=","GmaktB1Uo2apCyQvtjsOJH4MKnjuucfRecOPSSNWezk=","mWdXDM9QSw0+TvIC0kVvqbABiYEy0XO8QU0CZQKiwCg=","ZVOcPh3E0nwa01SDZRBvfw1MhDROCZzzedKcSHaa59k=","GnAEFcfxvGUV/z/9YVoybywcoz6z8QcPId7Fd0xUOsA=","i+mEiYLaBb6WFYH9k5C8WTHcNQtLiAFKRkd+n9HQMNw=","HwTR5iVJmjxCv/eTS2+d/BPFDnMpHFVqED9dmxSqBMU=","sIIAWwgcCyLiTxklOaJnrb1jfhfqrLGw9aXz9rhwXpg=","ysLQbv3xiBcATjgvaCFMC/ssF/Yx3mZF6wVt1sCsVbM=","2zvrFemGRDSuwBWBQ9AUtXrWfhMPUJG7RfJgUPf96gc=","yJryx/P5g1t5yJjHH8FeleeGfJO+KgaoaAGFU8E8hvI=","cG5Co0PVk+wRU64NACV218F7jEFru+/iNZUkz92vkhQ=","/r0AbmMQvra52Y5tC8FhLqE+Qn1+jxVDAe2i0YHKYt4=","+xJYeu3uouEPfLoBSwwia36hwzM7Ex0Ymcw2c7FDnV4=","W/9iN66xqLrsT+KxnZiBGv1sYHZf+XTcVEWKHi/zKhY=","BCIJN1SC+1PqWm/W0/XRIPRMtheIWc3C0GGR7SW0pdE=","KtU08Rm6Xvrh9Fuls8lkbPmnFBg+VoxK7wpGT37JWPU=","rNsvM5hvhnb739BAswERO9yaOUmttfqXqBTmujbd6FQ=","Y98Ad6Bi/9KsFwGsCHISTtSAkxvLvUc8mL6a3+hJxQk=","W+DqnPq9g5121KSZx2BRyY+sjk/ZMvAiF6schCa8DJI=","iTxgZ4djoYqA3OfWHbZDPDHGTRrNsMFrptA5jyqO2zo=","6Fx4v2dX9NUBvkK1ET8SuKwd20pCKN2x7xyZdIvtZAE=","+xTDA0zuRf4AtIhE7rOZAYgMhZyVaDzqklSHUkCawiU=","SbvDMqcDDJyJZM2OkfdZp+WF4CoGpfY5oiR/ORXweX0=","n2eLJS07PHEQKxbk6UCGjcRTg0N6snQJKnWCnm1sMtw=","G1i2C0O9pUNpHy3sOJ5qPzGOqymRNxcq64+Q651Jwsk=","9pkQapUSYoXS6vmMReSM+s6PTef+QT09K95giXlLmes=","SFpUc5fOsA6NjOxe9+kVwl59hc0ro33SsD8dvtErXFE=","CT6TaQehDs8yJYvnqqlb/HhgKO/ZnZBEF1N9ow33lD8=","4yBrfmzb74CpIy28Rg9k6+NpYVQBwBUbz1mZPyjuChI=","91ZyzJ1TkreobVL7aU8fOtaRE1P0GEa5DF4o8FelECk=","AMojRCyMg0S606dnI2/glnDrnrc0RlME4TDMj0eu9Yc=","UiEgJOzii02n/MbCCBTod6FxFZ6HJZhOi9SlhJJ6NCs=","SWHeLwe9NILL5TALLI355ujivJepBT+feyUmYxepnjk=","Ha6k+gvtvzSxGyLCQSoUbYhmU7fUKigcYMveY6gn8YU=","HHZGa9xO8DJiafXXuofB/jgrrtZIsG8G01n2oalqXzI=","tFNcrC/YUHtG3kiXTDjSIT5exUlRfXb7vyTXpbmBBjs=","WhuqSmt9MfcvvxOymlh4NCNQlBVnI9njnP64lIonN3o=","UIbiMe0NVTl4PwkgSY6XXbj9JVRwdDfjOpuBQZfRm+g=","y/RkpAHqyEkBcejFu52T+h56xeqPYonAbXknEswD4K0=","6MmweniAhgSSflIVVZ0jOSQn6CMo4uNILZdlGH3quwM=","8siMA+d7XJdwwuVHshQov+tELu6pnIQG1Cj1TsvAwd4=","uhi0e3xriTfRB5e1wsc8rkF6DRhZWRHZZcVYu5kxeUs=","kpOOPaSUdsYLDNiWZSzarRMUrS0Oj0j0Bicfo/9C988=","MFUNjEDv2pMJLl1bQwf7hzlu0MhkInpYf1rAyPZyvfU=","2CjhVBZA1VscK+y34ZdkTAgb70JeSBxAs05GOmS4pvw=","Y4u4bmK/b4Qbxqyu1+eoVripgNMlSBaEIqPcqzm3KRA=","lBXUqi05ZtoPJ/2LFUz0FAY+QjXY3OWy46D/tRRAlzw=","Q27tRf/hToQWYh+/MDBEvYu15iijkOx3tJMTpoeSuT4=","owSSpAkXynKHcPxJGP7KrqGLGJEt5Ddri5snVCX7kJs=","hFl6a9RkdLKR7iS2tOydVnt0LiPN3/ZcyGBny4WzPOk=","uVEnqif2Efexuiw5k/RZafH74wQrY8uj6FR6QBtuenI=","TzmK4AL3LQWMHQo2aPrk9/FjqoOg0BOS/3bZWfnK4EU=","HgIdIL9IxIgiK1qVisGd7/G/mE+n4NAhejMPZY0RV5g=","bo/PFvRqMZLl9N8XDIt8TVgnXEY6yUgSYAihToKocD0=","EywJ9rIFVxKHwPRaKl+CZzB6Cgn8UODINIWILzYrU1Y=","nZVIG0HtiIGkwk9XCBBLHQXex/7dM/X4BaeksRlUu4E=","5DbtFAXymKXB50/FL1gn/V44o8SBtzn0/aU3MZiMllA=","3vcm6qegR/XlCfz1oxPz0g3fGYmQNFXPL1MLIi2+q3I=","5r0CQW10E61/Bn3o7kp8z5v99y0Lh1V5pwrwVaVqc4I=","S0R5+UonY5lxsf74wgt/PBFKtsRfxpnR0l/nOknAYZ4=","jfG6SH/ayvZLDVBvvllxUrU9F7WOK1P5lxFfgRWZp94=","uoZA/iQxhZpgpX9Lvy2BQfHo4v/+pwBKAQA4ww6lvCg=","7XqsbEjk+EXGqthNjbj+JtqZba55Wl0j/dxlkr2d+ak=","mnfAP5YGkd2YW0YC6W6apftJVtQLmvmXIFbQ+RefEw4=","reel4P5dpEswKvbwcHTu7cngcSFMMV9NT0URZn3gwL4=","Vx2vGaSPMi7xg7O/2uJd3ZCla2jy4oy3iukwuVdP8ks=","3GHWp8sLJyQDdLf85/cksHdvIoKj8M4WJZSuRksZ0VY=","oz7g6idhbAqOcNjCOQ7Yxz1iu+KIgqfSt9XnHepvgAU=","9jMSEdzEnRmPjZIZF7tktPR4/hSBDI4F3/0XBu2GkOg=","Ws4B2Mblv73ezk+0VRJmaQxm+maneH0JxIX/gLD1sv0=","41VjnwhICxsq4mg/PAue8uTrOR+EBt8SkCm3OGCOpzw=","Ydf/dPITI6zKFx/YGC6+mTDACVxfK6+/lQhxyXAD5m8=","Ijc2xZf9k6X+tTFARZ+bi/1ByAM0hegjSDKkKjpQ624=","261Payeo1EQttBG2M784HMJhHJEV9jvfqAEiSF0fwk8=","bJ8ZOibwPO5lfR66gGHTLLkfuveFBCKm9T/tUd23BBQ=","0Bz96aRE4x38TzogV9Ix51cwAD8t7YIgExJeOnuYCTs=","DdEK/s5ZlxOjhXcqKRi+KGV7Yc6Dzgy205w9bUZA0I8=","d9JGXqHZi/hZvqJt8uZUJ1tu8vG09utVC2liX1V7GIM=","WfFXsqMS64++gvcEjcPbSm1z5aLnxowB0aWjyaMssps=","Hw6V8FGH81zAjlLT6O+AUSqwcaXwGH/GWF4YnWQbNy8=","PhepJj9QApJqLbowVpwCa880TqehfJ3H/RD56zAF85U=","BmNiiF4uYKkYg39IYCuhVm/vUJj7iFFKMw1cLRIdeQs=","B5ANeSXdhutjLvbE3fAfGQIvjuFda+inBpJZdP0yUvU=","rljvD2YBDm/IWv0kauy5GobXGxUjrkHfSWkKxQE0W2Y=","GNZn0uQCgWlVxjPKbSc70Bc083iInlp+Ldg8/lEvK8U=","hfJ+sSGRRhDtEQMQR1cUJeO9qYdsW220odwWRbJmmok=","B/wm+LNFFpPLQr2iWhUQpRlh2v1l3sPiqIotPxm0J6U=","Ac04+X1LGW2HBVu3aEo/O3bgM2cwwD+o934IE42hLbg=","P2ajL/JrmpcPvDPdt2Gd+GfK+uIPIpLt9JPL4sul6X4=","fh6US9zksFA/JSqTFYghhEUM0CWWek6krU0UcgvK5cI=","iiODi850fFGTlYCeoRYKrq3qJjQWrKDQuU446lXMIxc=","xlcpzQl91ojTZgLTklpHzWjXYzlTd4hdPPBwvQoWbOw=","t94H2Rv2jv7b/InoZYU7UoCpao4eaKx0HsDWMUVKYZI=","axcoZUp/SAMisxqj78gFORjVOnIwJWvYp43eQ+CYDag=","ABuzjZEoYthnbXtIy/R+uwTR4JgnwJ//Ua9HyjW3fh0=","133HorUt7ot9rHoLq855bQj3ekwyZQHaif5D6gB5oto=","fiYbv8OyKpbzFz7CmpnFySufwsjoY3Hu9icqa9OiRdk=","770iRfYv7Faj3Dz1KvPfzT5kvkCC3M2J9143fHqqCXQ=","dDg9XaZg45rhMCrgcPcs8HjkU20tk4nZR26YWiDHJHU=","GZ3GXlLIqYpHq8eW/s8+8KPpods64pwvhl8waowVPFs=","+O5YqZpz6YNACI34mlSKw+X8yKmEplKscvr3VnkfRnY=","Rc6jPVIomoe2Oh9ygKtRleq0CvCHd7G1nArE5ouyHGo=","6nIP0v1FjMPyy20KaBji7X15WW5OrcjuPqzzwsj33fA=","AEnhnuj8IAkb8MSYky/PqL08EcQf0gx8ih0XkZYQzzM=","7SElG+tnQ5LqCkblgzVVLBCwhpLYkzKWl8F4/4/xrUk=","gawApo7EJzkqiDuoWXBHG0ZMjtkKwNuShXwlbOwTc80=","TLhNNnoUenjQ4XSArz1idyX/CdPPSSUUl1CpHn5OWds=","l+TbxnqGEpXJVwSEiELDDGH2C5Y6LIZVMNPBbuW2dX0=","NgpWrSXLNm5GytQcChvHqzUcqY8vK4IL3H50Re/V4ts=","5E+PlVSmp9e0a1KOuuFwbPVY+wgIeuEHAdSk0JDPKXQ=","e/6Fng6/oqrEZ5EnWaDg27bjDnZqdCuWZbh4zwjSE3c=","UcSVMhjber/fgdHt9qShsWWjCcEGfXb4+KpxdZNRLZQ=","VgMAaLVtAhLd1akD5W2jUSAJ4iSNUUMdpQURiY1cBsI=","GbHiGvHfsl+k0AE4/fartV4oCLucL0NaBTLVTGRA7cI=","zzG8TV76RjE2/VZJyl0E2OeSWP8mSKeOyVKclv3g9Og=","Tj1//9OPbWczTZ2BwHzB+GhGf+skGvPCFB1Uc5zoNjk=","DtFNthyL6T3NoJq6kNAYPAWPgncSpWZNXCdaDC13/uI=","SfoZbdHDH36t24nVVFzJ87LI4GWKjmOQNuVmCjrDHuI=","Lahk1CKwbO0+IchkkS4uNTqCqoFMxXxJbPa85Xuxork=","1MzaqUOSyh2j1MjmWmAXaSqTCNkyvL/YzDzXGkPkekk=","TOvXhAO817K/RT+8ddAEgXnFKX1gbprA9DUyv/AGR+k=","dHf9RP3Uxd9fBqqBBeaqSYp7FSzAmPIJuEQnTVDe3gg=","AaShJ5FPaj3YD+KVggIPyBJRYwSJmXtcEVpgCZxNhKU=","KA7Qxy0+PP5h6oKtstNoN60JrNflrvnSfTjrtG2cnd0=","+o00xCF3Bt1OddU0V7xaFju0eoKD4c98hJgxzURzx5M=","CCEIajCq+yklj5kELRrnttsNmHtzba3gP/cd2Tw/mzc=","1OO5wnj93b/XvDI22CJxoyweK6ij2YBNl9Cr+1XFA9Y=","yCDj1d4ACSdlaYJ1Lql2geVAH9h/ghtHYydmJ/ATp1Y=","uBTmtdkHEO1GH68MSJVeASGvFnELAII/3sk3kp61Rt8=","9DmMHa/aBj1/eYzfF+m3fViyWY5drmCsiYclun4xwcw=","PWLVDc+pIZELtl9C/kL0b+B5PcECLBViscIsckpgwMQ=","ZhT5+FqeDqvK7vT2UoaY9/vAJ8muEEQG9Z5Vg+Hl51E=","hyJO9qTz1cTOLJ6KbxPrrt1iA5uD64lCUcX4Zcbq3xs=","Phbu+MqH4y3u+/fmP2mZ8Jo1DRkeKCWAGYAAWRKqkB0=","4r3zk28uWe/HFl0iy4OFrLkIb7/qCSC4AfnZnqTghsk=","IXnbPvQ43zQ/6NN2OAzdTf3UhT4JzYghs102qRdTioY=","/0a23KxLLefYZT426iATp/dI+jU+offlrOVlfuqYgO8=","lb4J/cb8P4RZdvw1nnmcBmyuGix83fAltIsD+CqhImw=","jefXkuoKKhnvdRR1tqzu7hIg63J0LQ5Z22rL6g+iT6Y=","ONLJZjbH9Htz0Jwu0/orSWz6t5et8+ikAImA5Pb3oek=","5o8GWztxgS6OBZamvpPvHjGYEeHiOXvVwrDd0OEaNQc=","kIRddMFmLgX3L9nEI9L7Cn/89uMsCJB0xoGzaEldYdw=","3S1tHpKOjwzVaKm5xQSCcUxucKELAta78+zPqG1VH4g=","htVCHfWSLftfzVhyJXHLzGZT+iEfswEOFxnWdeW2a6Q=","UoDqTnFwYoZ2IPfxUaxEND+73lNlg0Ul+qwOx3W1NYQ=","K9hKMdKnJ75T4dC8kk6G024ueNXhgi3UR8+3fyluv04=","eIsvAjVsoDGmjJBOsidQJMCsuJGqZaitRKU4bXekxNk=","xJ7yQhqkZfKiCQGHrWuwaI16/KuOm67gFP/cePvBqcQ=","sDYgRWJQVM9AddGFJQX9pZeboHCZv0uBSlwP8+NUs50=","VevdKsQ1GSiooIDHB1jyxp5lH+FDqjDcYRcorPVqx5U=","HUKpbD/qkvthdynsMmTYFy4zypJyHapbF0Ma6g3hTQA=","jtOet9IJ7mpXoj8fKGb1nd+nOZ92mNPPpxm1D3SGCYY=","h/n3zwjpDFueTYTw12IcKLJN5DU3MgItZSvVbZLnkPI=","MFRLWM3tW4oWoozVfKR/NK6HjyCIWB3Iy+62sqV8bGg=","tudvRaJaONJglbhWOrwBkWmUWhzvnniHK71Jvs/7wC8=","3+GvGefv8Je/gGU+IW3v6kFEwSJECcdoh3ei+Ma+zKY=","IJOt+gh+QkVqzVykQwSkYQ+Gsl5+sH03UFFOIwXAPzg=","ZUWGhRcZwaNveBu4qFgC17qAh/RI08dbIREpIeeOhdc=","+Jh/YsrYDmtqBpQ3td2dOCtszZWJeeq5ZVr6UJeQayY=","s4PM0Y6y7a7d1trL9pMmUHy6DSkId/VFkWOfCjU7BCM=","WqhOdTjAgnXa5aNlKlgOCuxY7SXyvNb/83S5GuvUEYo=","2lItyYzFQYck/3BB2Tx2QsJuvb38j+aWFfvEDXKyFE8=","nJ5yvSK4fiO8ywq7+lMBA6afcijWnAI1Tx+stoPT5Iw=","cGusDaLt/wZjy06siqsCbBxLex5DrYjcxJ3xhArQB9A=","PuGlO6tJgwKs+UbC7YwJ3o5PEWzR/Y/86LCgYmHcyv0=","5+tmCZcKgOokYQe2heTUnGjNp0j3DHpANzlTZDYFHq4=","sfuX270HHpogAbKU3zEfCFEQpDDJO9bOZgWdNqHWbCY=","9S/1+yHK5c6obzHGl6nvZBbS4YdmsmlpFx9GTrPpgkw=","67Pul6RdhtKaYqbt+yCJqIbYTlP0Bv+aNI5q6KVwz+4=","V87Mdwc8hBQZzqmNkf05FIYcDBHR2+IDeLZSSu/YGmI=","kAOGIqyiAF/u8ImD7ihE9nua5Z3W1H7yyX1r/U2rJNA=","AowjOzbACtQS1vtCOxsvA81IniNP+x39cjOho8Wpg/Y=","nxTqaLHMlPR3CAoLJbvjhnIadD5T5nFUmJm/i36lb6w=","e9/Yhpp6dvYIUAZXW+DdKR62WkgMq8OQgfduULU/Yck=","eRZXVdwFfMN8UdyR4yyckXSQ5YvAGcQQlxqKIW5KUy8=","7FdeUCcXn1QxGVJeR+QrhJKh8stZrkVvy7bK3Ro16f8=","/AlD32KmQJQp132rFTbywKlheCPAsyCh3FEUSZdzlY0=","yyHr+cKck1DMkPWymN0a3WDmOAHJ6ciielJQ8qoQ14U=","hH+mGxIl9WJ+wEat75tR2i5f2h7j5Ab0uJoZuD43cgQ=","I2cR7Ok2T4p5ddkgQE+a77SsIcsyqWnHNePxlAkwLRg=","kAN1BTBQe7FA7bK/bA/9Ojws3R7AjOsq2IqvvTiAqGI=","zY2ZUSXa6aFNCPvAhle/sOAHkJaSIGYMKcy2xHgADuQ=","4CkUvpgAA/hokR9rm3k2b8dnWVl7Y7ArGZfCoPUBKro=","FLKjPed4ufb4AjTMg95erQPB0stPE3rLJg+XI0+N0dI=","X3jlaIMi3Uxa69EETrKmHeKzfyAMMcMWXAkIo9A+1b4=","9gRcVDwd/n0oysyVrbJiczqushnG8tP5LhaznPPmct8=","kcdPyk39qkBJfyt3Ma2QFzVUOPKo1iJxu4c+ElETWWk=","Q7f6zop27piE/9EwtgjPgU+RnUPpzflPYmGwGmPJ+ms=","myvwQhLjpfFJ0nRJwqmCefModeiuhwnWtiTM78wrIi4=","a50eXZsLagladbyGNKikFqUuBmoTQ+z1YGnMxdJJ2ok=","RI6dtWN6BbqgDjsO2GdDemJXlEjEfotSONuIk7iEujU=","SmI7UZst7TNlCPezOTPvwF64PYC6Du46HtYzIXc9sZU=","HpG8ZZjF/wE8tBUsYfAYSZMxuNPwh+nsyIQmh1lQGuo=","dINk9o/3LPPP53bl+2w6Wxj1PjE86t463TFxZ6mxmSU=","Frw/4bWwPlkAzTsT+VNXNfvaRFNEZWWdMrpvlEY/uVE=","ql3ojyLeWUXpU7GfQbqU3J3lRmYJ7tzbugpbWWiitL4=","THaO3OLdQJkJqQcmP6vVmm8oAvUabcPTFe3+pmvD0VM=","dSOwJYzoEMi7dFrkmdaHLzGSJJK5K7y1jL3Ap4p1dXY=","YNmFLCzqaUZuxrQEOQABA0q9BWhPH/8+LgRBoYxm24M=","7RIFp5QyPuTINoJ9OYPa1kGrnXcQ5NK4HE8sp0sZN9Q=","BH5TZp9GMEIAxIKU6A6t+2QHT23ZaYCKR4n2fODopKM=","kNmoZFYQwx0tXHyR4qJTyz5IfkBBZESa8ISFRqu7EBE=","v1mHbvaLxx3mLB3O93QA7a77ICgzmRiNM67bkmqZ8vo=","XFcmBRpSRKJL1IHxsSpWcHKKOk1JIYOaW8twwJi2Xv8=","Aaa92abazFVsSslRCzy28FSTwmZHavX6WxkXLI2/UZo=","yavgEjZkS4NtlNi5VZ4zFO6eLIrRjAlEqzjnH3l+Z0c=","LOOo3ewU8Hsx9PKgyXKKMbmZXnfenlsvKtVeUgVlQuA=","6lKMEasqIp4Z8wja8k9rHGpMluNvazdt09EV7S0Mfz8=","WoWJH/rMdOxSNWjyOYXrj48dKmT4wZcPIUUqKgVjtfk=","MUrhzfTXoR+22DZd97Zyxzo9tvP5m9RqJzMHT5hd3zI=","Pon/n9BkP9BaITjaueNvFZHDn3WcJSRytqtblNXOflM=","w4VurZMcqGsmN66kdH3f6863NgbUmzGm/nwHSa7fFWg=","zsN8cVsHlNLYoRzZ5Y6wLqm/y8S2Mqir413MUxzsSVY=","tgyV45F7gtWPRBUO9Iw2Ks0Ln2ulFtvTy7slaozwHqc=","C5TORM77Zgu0gnNWdIFsfp1J38xNB7fkkfLUPQ1rao4=","PWwRGbCDK8/ANnBaUlzFU6wjc1AugMhEv3f37N7FDxk=","2pHjsd74ppAXv8ZFFe7HcaAE7AaE5cGyHSyPjIV6ch0=","rGYGxOlPA6Ib+qIbo8ASvhjMdVXt5DoitUR6vaSVPBU=","wu73ww4eZguT1rmEiB/90zQymuayST38Gv/zKTKRSkQ=","gBpIU3Y4ixv3Zcavshu2liEy9pnLsdCgCmaAGu1lZIo=","Y7IA2IuSXDAcrg/lF+7mAuWwj5yGFX/oGh5sVFLq4Tc=","WhFMmdQGmVlnhbbCcwOgEU/arY0etIxw5gV+Q46P3wI=","odynfTa572b14Hu52trkwAGzcG5NTvBTZ4DyGz8hUZk=","gNwH2pH+eMc93Y4sHaZdF6rBCPlsKmvTINi5P+0MZXI=","uZa+AyZlpIZKFnSyyXNikXQoX46ByAOKGtJO2Bfpv7A=","w4Uu5K1p7ATKuaKK23cDvDu7hahX/xFRbMzwVkEyaIU=","0u1mV+5+ZaSwcvu7WmaPPhUaPpQb9a6H70gnJ35GVUg=","VUno0GmZ+0TEtCA/F+aqNlktcPvdSlvB8JtS7IyDOWA=","UvXylmhx1BUDZGfcm7lgB1/3t509Q6qorhFGf/Znf34=","5AmndbmmcTRiojQQ+msM77vZWGJ3ShiwoUGKbS3ZgP8=","8gwx3sYkwemNSjU+jpqlgNSFBYrNtlF2Lclx2xEPaDc=","HfCtOmQseM89Su51/knutgLS3Mw7IDRfnzea+p6DV0I=","ahGMlS0HDjRhXGiRri5TW1eeIzORUSyVeKNGzNmObFE=","vEfu2YMqWWdql3kHFfFfY0PQycqpZGmhFI3pCpR3v3E=","CCQ65CXtnhz8rV3cmndWll7dVPfnBEIMubzM/gydXEw=","UPG3/eBED6b411XbNQf+2ZYBbiH0iDij32jFoBH0dG0=","9t8QTl8g1nsiA/CNm58l7ytQKI50ijxLB69bui4qfs0=","TpEsT+len8qFqgV8AkC48m2iSYS/wvo+LxwmyMEsZF4=","aS558Kk9jgULpgq32X9f0n20BCAFUz6fpmdoQmm788w=","aV4FnbaOPvwxEk7GW0PV5qo0mgA83uRMuWWwwaH+pK0=","Aa2wLK72/z9139zae6IivZg/mH29xaLpNMVbDjHlwyI=","VlcJ0Mef3UbbWtCyCPelHPl8+Ee7UVpPnX31LiO9P28=","3n94HPobqXT0Rw6nVPbwHh0M5bD1HFD+WRZQ+9vmQrA=","hMqJDsBsMaUYvoIq8EHd748MIV6rCTqpSHe3rL1ufgI=","71tPBBO6Z5OFD0mhC43oHtnXRWbfEOSc13OO7YOk/l8=","jvodUB+2fAKfzD7yYJA1TgPTZ9rkyBNuywAIOG5f3W0=","EXP05eMWq6OWGWfj1CkEe02ut60HSGvr88bxGoVKl/w=","1W2AqvAp9LGBS9UsZRhRYcco5Meslx8qEUUsGuOUfvg=","KvGsYJmu10L21YPsnsu7/g/2k4yKnz6CnxEM5EpVgro=","GHc4QI+9KLU6Bmu2tBY3Ntm+SBoxMyLCY2HmRCLbnz4=","nHun5/17WRabaTh2GbwqbkABBRcTiyISQ3h3wzH2quc=","U9SwMrkc9NNytunBvHkyCEop41Cpyo0r0vDG8OXNWjw=","/MMB3So/h0JW6EoDdtSzVWWVJSEjYXa2hSVRTfbyB30=","RBA/7mWmerDbg9PzWHBb2SLgXjCnejeyEvkMDwJwoMw=","D/bLVZ1b9LsHxq5C7XrhcDnJyo2/rIc86xp212kgT/s=","/slebgJ1Nt7xoGGvjZpBWOB6C1unY10BUzIhHRxhjrU=","yoCfsBghMEHJfe/CBkQTD2z6iv9Fj2dtH0LXe7iCeAc=","9RnblQcoLxCktzsCW5OAPLoXQoxlYdoieuElzCOMcMY=","zn65Elwhkj+z+iZQPyNlsLrrtLMSAmQgHSeAX6UIeJY=","21raDlArktuKRB1oyGbvwB+gdvdfS+fYxr67qW2e+vw=","vNmG9Yg5sd7K2OIM9rTomSr9pgj5611opJRqIdOMAG8=","k1vPY1nLZXmo32ExVAoRAMAxLgoyfEiiLMKXwzYF9mw=","GdU/jhAxJE7EchI3HhJuz7pJ8iTaBy/9twk2m1hluJE=","BNT43SovyL1yZ1230OqUqVYZ9aZzxF66ek1huyG9FxU=","E6jCLKFmJeXoDKjp8LX+yAtAxx9c5ieThh7jKqx8Ehk=","BIDEbuZOnFP/Z6+3g8rb/WP+5p8bh0SdnyP+TKOntME=","gDzSmjNBqljrJIo4i9BWItRIW+12y0NucFRQwmFSlrA=","106DZYENq+OpXQv+W0bl1nuPTnUfFw/CDNSnYAwXtUk=","XkgjadV/yC/BV08KQxX6Gp8cGAK8YlGH8oCQ+lPGfbs=","R9J2ia5nAfPJIWoWTISjp8j6Z7XndcdWnmp1s+UxaMc=","YSydibtWF3tRznkmEHtb7Koo7fDYXZzacF3lIRKHEUI=","5B7oyzRjDMdoTXDCTXLnTgh88Cn5mv5mEvbxrrtmApk=","k/muhBd3VfENbZeTUOy/8kPvysFr5G9rTbEyxttXs1E=","vRpYEsnKQt7r+M/Fe9Kdo2wZmiDswkuEEsSFoouThC4=","Cn7eIvCfJmugMyO66Q/qKI1e8zPeYiieT5AEh7F2/Gs=","/T3w6d34JXL8goB9hyQ5uDhXIHOcdTaQzDSB0ofgN2w=","IAlwEZH+dsoAPXM9V9tmQu0NUPjzN1A+l25IiyQA3ys=","9At9StcK+D6d+SKWEMc8ZSS7u7tc2cqhVIPaCAmgNiA=","Me+To7wHy2OvfZZjmdx1KwYXAT3p7O2riKXHbOnlQIU=","PnVbNvbtKrdVPJQn4AuEqjYGKlPptK2aQoB/bhlmc4k=","BHB7vvT5OHcOXzUKU5faiflpxvDdk2NHJ7NT38RERwM=","jIiaQnfJfAdYEwWaSM5T/N79IAE0tV9lvq32Lhf8j8I=","fhyzEqpW7mu+8ICieNeZiyJZtHSLSNz0lkN9QhRtsos=","3aXJByihSRfVUUFXzw6lv3u2OoPaAAga8bLD+sphWD4=","IIeajf7en2jJXTjsSbY+4OizGk97LUKkHTBeHnvnfyM=","aKwkhxA8bzrETXzx31pXgSkyptYtVMM3zycWVYlSW0k=","ebH2USk/Sl2LCPpDmfLrkzuwcRdrw3AZej4wDVLN5IM=","6y2HGX6pgy4zTD7DQQVCMge8NR0oPNCRvsV68THtK+s=","1dnRaEECIfu52PIuplqTzi+aCZctxEZanZM7PLYbqzk=","ohAOXDIJebyD8rD0YjKTbjDJzLtLkubrmBQeIJlITgA=","OjILt8n+jBL1jzo4UFs/8Z2gwCK2qNgo+j7tH8tZznQ=","7M2mtX4pwO6sGjIUY56CdItgHOru+cj7hYkQ+fDvE74=","oQmOcBD8r9LNz8ph+spTwiTuOV/nPh0dySXGNk1XcD4=","E4Ax22RJadGAfECN732vyg0fVLlF2N/WRan+ZUA72bY=","6WIDh195G1tNDjHylGy6Y+x9sHChghIy3O7k37YRZoQ=","FjfW0FhUTMaj6RQQs6CMZjGn/bYNr7yY8fQp7RyG/38=","MCyTatPgztMZdy+Vv7fVgx3C+a06LjZhKI4jnxuLe24=","ahwj6v+hKnPWvrbm8MdgN5kAEb+27xRqn1NOOEQidyA=","KezS+52Hy/qHiU4GnEj6FoI4MVxhOfAxaa8yD4X9JN0=","c8PRzRnUI9KUVPmNaSDL0N64cOxG7hKT+05YUdFmtCc=","h57N7Jc53vOEBazm2I8w+0ZaDHhdcDI1mO9RH2KU+m8=","JAV/1NwJlY1QCLCoIK43eV5MYH2PavQLT1+AkXwOzK0=","de/TAjqp97qn9vRX3s+lWil1kDMIQmldE3UP8vGrLyk=","ihwwl3MgBNaw+1at1a3VQnZ3d/ahxe4cDlpLYhPo5+U=","HWnEcz1fQw8WZqFKm9dKqwkxYNzC26FSFyNbJ/qbfSo=","eWPR8gG6veTk0W2ZGTDQ/7TUfopdgn8D6VUoqaBmEg8=","X3Pdg020VUv5M4Pn/kBDh1DYg4Vbza8gTQSyRWrVFOg=","IZDROb+8JZINbwGNNLowwVw3znyFvQjT6Inbyg5RHSA=","O7/3geVRgPk/nmCSdIHxR3ZO+slPG8GEHqBPqytQPXY=","qpO6xED6/82ZEdD43ftn8JtEmkggtEtzFsABLl6MJUs=","f6gJGC1ZTCzkJVtCg5iO7PNGW+MOpnuL599rfDy9f2c=","775yqNE7bKMgbPEhKmAAIS93mkWoUuQ5CpDc5I7uraw=","ga+N7YSMuZ6p/MY2fJultfELLoOTjhPtZ1k+0ekCY+4=","KpLL0+J7Gr7XnYjn9E1E8nnESBKamU0iA1/p6UAJSxg=","5JcgtrczLj7LvQ+IXZ73Y7MTDf5XNfUcUHZ/dwoZDzk=","VWzcKerCdsEDscoXj228/7TkdImUGQig5E00WgXAQbo=","/hIt2gz0/NrlREf+sZeqdRGtubMFRe4OEU+8+gEjWK8=","+tcpMo9A34j88Cc37SHzEYlAiIyRdUAYQXA7jEM7zi4=","tiwIb4vCldFIpqqzKACAMJu0XGSdmmDCzIFT8uRkjuQ=","mv6Hzc8BowxoNKEeFIR7QdLfettkkLfr33ADMKgXGa8=","a3B6HB/45HqiQuoNAgi6LCrHAePUKeyCe1zyJ5lz5UY=","q7VXWhsyTdNNUj4uBQastjcrBt3GlCzTE4G/E01vjm4=","CdDKAlPl9W4XleC8Ulz638MDoyrhv+z3CSzhnqx08DQ=","xW0s8tWs1dSF8guUW9ibvyKBDGDksum7MLzxcqZlA0k=","IDgaN8/1OT00Bv6f/1F+0ekaO57D5lL6PZE4YFbryhc=","SPZKYr30+W4SK/9LgzT7SzB/l3GqK/f9I/PVa2UtFxE=","xnnMyNKCrQBPFrv7uliNod/FWezpO5skpCEo1iOFa/0=","VCGu01BcVaYH28+FLYYT8t2VZJSsUAx9MdHWXN++hvw=","ARfJzzB9rpEx5PiHgHEYhTcGprvEH7mut8XyYxERCfI=","kUQqTF4zUa2LWqmTDhATVYeIzuRqmPsopYyAcIm+J2A=","F+cecbCmZjQyHUmPCSWvHtxa+fCZX2H8kPxn6bvL2XA=","prcWH243/brJhENyfp0mymOMgiJuXkxxI2oJkr0CdgA=","lJNPHfgLD4900cPttEBhGau16LgxBPC1w2kP2AxMC4Y=","c05ujBq+4M6U6FN+kfr85rrG1jkxq093BDPEqvsXMGc=","Me4yo3vME+Taz3yr/mjU6EEv1L9C19vSZPRw5Zoa6u8=","Ul1g00QATJ1OX7VWidVupL5shIb/6Fl0awlmk4IvUd8=","3vQ1PYCg2lER/9MOVlxC10XXF3cVpfFrgM6tKtG3Ovo=","P65xjNtqhPcG4Wy19mHqBvjPrR9hSiX62PaDUQzgHf8=","Xag/LUFe61TZKrEPJy92sVSR6yF5O3YR6pU///8Bywk=","fixP2XhS9e31xhuwjuWK/nQq9BaqMBrovEpyFWiKTOo=","hJ5QnRdd+36JemZmMpBIDTSP2MrwF7mzMK3YJYSr150=","aXLkd9ivqfkFSkDP66hENpLyjmNRebKaNEteJ0nLjhA=","iX8Sc7Sv5BXKS+EbzKC4cQOuQlKlDCrUcDXBKaIKxmA=","oq7L0PYP2kXrKUU2XkjmDjc4BHyEhnE3yf3NXSoadio=","0nZ35InCz38OLpqBoEDoeqNv+Xkzyqdk1w/DimRgpxA=","mnaYRM1gUYpGLlC2LbcQsoHF7yzvG+XTJMP4qwqlCd4=","4ccxMuyLgR7GZJ3TSLUhTofa/2wA/d9ynctFRpoRwkc=","jikqg93mhMP/h5vcS8jyZgn1qH9iizFkRsnOxVKi2Vs=","1/yX1Uc6Rxkl+WsrncVn8+gKJ8D4V61bVAl/t+jgPc8=","FWjjLlN+2RcAAXmdoEuh73h77Jexy327vFHAiEJf7yY=","9WEL2y5XWyY+wkNeq+QgK2pSvzqffIbkMR70Is2cxzs=","Ena9BaS+pEH5o1fV90wNuEIlE1LRMd/4/+87L9jzkGg=","JFEB4926LNKdTWzNJZB0sTe8vBZdMKH5QNmGTQpU7LE=","iLmh9smkr57QvZpqZ9P1Py6KzpkyM8mFesuSEqQ67TY=","X47m9WEpjza7QATmWvdmM6FUJZAEWtmgm0cqMCPKMxA=","hdtnEhbMrjrvNiJmQtec8GiaqdUBRXJvuPWBIEsdrd8=","Zio1JTZ2b60lz7SU088WtfabzlD0Hzplrqc/fQe+hWk=","qL+TzAKoiZagH7dB63nwm2ZXHPeDGDItq3I4Ke8z39s=","KmZ2XT2m8I1ypafah1GMrGI2sbUZ8Cu8k/c/DZqolsQ=","+gZLeHOedxbJbVECkoP4Cl6n3LXz4YiXCQuDwpSyDy8=","CGv2Lp9TBDHI++r9ojOmZFOx6895/XCyZYHgjP4DRrc=","tg01mIySH1sP83s4KKn2C6y6ELISeAHmFxTcQc77rRU=","hRqbZVe9Yxi0Af4gVM9XN5DlNkw2BcGk09ilmaJMM3o=","O2DVxVR0g1LTvtDfYxkSnP1kuX2kKcsVDG/TpBlMczY=","n9FOoUq6Er+hciy9VurmVQNCwDAITdHcEBsn/QCghc8=","UZw4q3L6QiyC/m4MqmZj8SpaEn3+sAJLL9UfVWiBwkM=","BMHRsjZo8yaYN9HGiOoUO8sBTfTGvcOb5W5I71yIp/w=","JDhmazgJd4KWbJ/di7ldzL8ZG020Ed0s3LwPEkR1AgE=","nlclowTk5b9sPQfZnpxvuU3X49+6eI3cBCy1fM+y1Dg=","Zs+3wRQPkYQuWS/FIfp6y5WtBk/ISdBNdoDIkwi8Fjk=","lRSpfwD5uB1FiAnmMI9QpUKe16va6pEC8zZiP1efGhM=","GDDdP/+4jATty3zkx9p2s3dHKcaXOWJGi4ImB5vrVKs=","pkvGDjiGLPqTsUzintvj60LbdgvzG5Z4Ywv8kd4VTps=","UeM1iUOIbGntbTQJCNgqAQwShMEy7DaYbEZ3O/tYB9U=","h0bs4NJrmBj8jKaggyjql21/GHyWuZCTwztJDeBip78=","kQpOkolih3T1iMJb0MSTMLew+Ab0NWq9Ix6aYzOPcGo=","CqSLxsCw6TiLwame+5+8UVfS0sHqOfDKB5kO8MsNPR0=","LOlZ0Lg6y+mAhVxGLe7NfSw/Hv/1ZcWYdHK+eAgzK0M=","Y/YpNzBmiCmXunpn1j/IB7go0dL6WApfy73u6Qv6+x4=","gH71mHBdfzi0gXwJe/Q/ZsHOQWUobS24eGPZetavO/Q=","H/9/CLkyUSwyCqRIioQaNeN+HbdSrBUXmYVXtLwORW8=","zd5MKXBkLhYmOct3aUCyE3gXmnJ6DJpBdr/1GMKOnYg=","8dJ8KTkQwpEVbKYhaXA5KwuWNlmc5Xnisv1DIpud4U8=","+W2f8CMNBuGeHqi/tBdJCOnv+ZRxib1eEiZ+KNji6v8=","t3nLB/XmpvCwplzLLvwGLaRLFsiziWg8s0AEsyfenek=","B+/fx4jE9tbKjDzmrFW/kZmpmecFwOzLP9G/mPBtOu8=","qufBwMPy/x+ouiTwneWYEvoOQDxhJV5OyRQ1smTR3uM=","qiFUCBvfcpwUsMDtICDVgBTUI6aCorGWgFfdL7aKgeU=","TP6itrSKnEOr5w6C4b6i4EBLQUXYUZ+xOZX3ck6kXxE=","Ivz2RL2GmYG65eUVwC68/523dyYiZitzqTIG3KCvEMk=","HjTzO4tQKmvYodOrGiKlZLXIXFc4HhV09fCmHUyYtYA=","SX9KtqsQpMu/YIFuzN0RgmiKB7V4VUkM5EZMCWHWoZ4=","C87Too/QwVgPEdNqML3gmjIbeE1iU9/MYf1yATo4qls=","QBnh9HQaoCvf4i2GMGoU445VTYks6On16TahrjZkVbE=","cHBa0t3wKB3uQj21mZvyy5/9tr6T14xoMDGIgLVzA+k=","qZmpQ7DeNCqk+JSKXNpWdr15VFTTADqqevo0uoGggI4=","roQFuDjm1lIp1Mk8WlxMTpKWsXSImj7veftSp/JUXi4=","pmmnbd/5nKEoEJCY7drr/RgYqsdPlMS1ospL1rpIKjc=","9lZNCn1yIvokfdsWOw6sQknyfLW5h+S1q/t+Q5f4DwM=","u6Cx1r+3UlT+K84FUlW7SZaQmHxmEX8B4LVlVW/itYU=","V2kAk2/Uwzq1FaEztyut6m+9vhmZWyRLhKgJ3FIvIKs=","3Z3X+wgq24LcisFCA9M0TZafCeLJhombqDcCblKbVro=","jZlu75/xKvHJEuYz87wGUhy21DNV28NQQVFTRP5VEDM=","U1MgoR4v+XX35zbrTtR/+WGLOXVyyZkV+uw07DBwOXk=","nXfz+N5iVuDQ61Wo+t00KbU7fpZ0HmBas9AdzrjiuAE=","K2jGytH3v7Q7kQBUE8RTpN7f16rHgsMpFfbgsali/3I=","Rcu3S3wV2HavnfeBrqKB/0gMHc1HqU1ENDTaMe3Kq6g=","WMQyLb1BqWKmyJD2U+ROPjI5jjOquBSuj8nduoR/tS8=","PQjlOqooy6z1/Tu8D8WzSfyNQya/Dv38jkVvouxBPTY=","CV6njv/5o+VKXDEE6NJ5RoXYAs3mPIguUSkOtPEWS3M=","s39rw3zsBPi1F57xT81XZRbM0FAm9W78RAYSiC4bID0=","abAyhNgkHD/sFMVx1MC5fwe4bKVMYTUMu4z6imxSCbg=","mQaDbNasH/TQsdJkrPyFfkmdeHq90fp1jPwPbplCEVY=","dVk9PAJVyVn+4vhr5AEOdn0f0EYILCvAwP8e+CDqhdU=","dzBVBBeXqAnzanP9wOrMVwN4VvxN+KYCewmKGaR/klY=","ag1ggtTlnC1u/0tWG2ATkkjFAa47JEVLP1KW9nEdx/w=","ICmrity+GcjD1GHme03g7cGAOocDc+jfHt75OtM6q6Y=","RyGtDOU4RrLm9at7QcNZcEsnyY5q4kapFoIKyYrzrMg=","CkIyAP6XklKx6V0Znj+fi7toM44p52cl70Opyc40f0o=","P6N82mkd9Cvfl1sze1Q6WsUCW6Qf43kXNON7RRa6e8U=","K5Q5LFvtuG9ui47Hf+89as1t80tdBvJt2jb2XisKxbI=","80ZNjodKj1DRxRASjnAjmnS9RyVvfsBF45WUV8laM6w=","FMdXn5URqK0PLkwRP24q4pflo/5KR3t58iEfgX+FVLY=","K+qsvXYDce9NrEN3MJYmUsVrPTKP+9CTkBHUtYAPlgQ=","X26jueE4gqa3mLtUUzHvqd9DJhurgrpq8JmjTRIquAc=","seBT6L8JkhGCEvS+mpH8lfV+HWu+30nz9Yi5JPEwjPE=","EnplpUpw0IEpxgkBK9x6qSV/mjzbyufoiu/oV/0xNJM=","cIYSWBOiNl+XvgMH7L0RNWKSUWIRIuTFiaLp3391TW8=","DPByC4NFiPN86eJIw/SiTlLrAAO4ysFSF/faL3tmZug=","CtHKiCprrzYudDeUTeOFqzfmXmp66rJEbvmeswAA1Rg=","556rbASSAB82hFRLfPyt6uxEVy2p15KweqaXcR990NI=","toBTb5izl23i3Zi/6t1ggrO/68ftGlgPEaF1AkcVFGM=","OrGoxHQLPTX3z8KwdqCr8tFdJQV+Rz0e4OSawt7ImTY=","TBhX3MoHvgv25WLJAWPb/agJGfgP1NY3cSfhZWUaDa0=","r+XfAIOnRfeqzHxkAauPx27rZ9EOW/qgfX8d9mTY9FI=","xKycCKUbJ736OUjV5PGnzaEQu62wT/e5pzRGlNe4n3A=","ufN71Q3LvR5GFzGRK3FnWFRC+7Kp54sRldliyWywfGI=","B2TGUIXs52oItl1RWfHEBIRjG9K8kzabj79Sbx80X1g=","kPc1Tx5UCS3KxjUSCcxlw1ueMOV2hYEVgcG13qhmpqc=","+y7iXGDro8h97mkmBMBgJ+75VqV1zUY3whnyWtWQLc4=","sSBRHUhwg3ink6LnZWiUbjKZ5jr4A8jWYtHcb7DY8hk=","A0YyDGhQMPLqnTHqA+8B909M+Hinr/MRWfOzJbxE7UI=","gBfnbmVfsXkCAazZtTbKP3Yc9/au7AodhY9n6q+a49k=","HLh4bY2hvQyM3uaeo31z4w/YStZLvzG3R6osT5Up8ow=","RtUsGR+mhDfGOmoPUPS77sHr65ZZWk5/NuraxuwEn3Y=","MmFwTOiZWENxTAoscNfLkdRXA++bg5clXGTmHCyxLAg=","7SULSaMwmLvIPspMtMQKfQqkxfQsDFCDcBwp7q3i7w4=","YKXnOLwO187nQvEBeFWJO/HsKj3mSmTQvYyOIKvD8Rc=","S262Y5EDHXXRl/fexxPbOJio0qofcw4qYbD6KVTi5Z0=","MyrgdqkVflhQL49utbaTl//oRSoiK693kLNIuFZ2xZ0=","khJps0whur3gdKn9pL8Un79jgTNdXleN87Z7ZHIvBX4=","624Nb7OFRCkWIlTgzxwScAqkGnyJWkGo4NZGNwal7ZQ=","lZEMLFrhrGH+HwzluHHi6ZYQQeW8BDEx3MOcoBGSq+M=","5i1XkcPKQ3J9UpvHHqR6z4Z08cLbTuPXI6YGV8hzBTw=","xXfpXQ/ryQxikleQlewqRYiMH1WBCs/xBWSLsC/w1Dg=","R8PiXD+ol95zqs/h+9kclwNNhPkeSxeWMS1JyU51IGc=","flb6bM5d7US3zmtDxeK07evvuhSZQ6iWg+ao6N34XIg=","VlNMmq374bZ/de9D+e47vCRlyFGGgfQFE+uhhXiYhD4=","ET9uBcFzaf8/zx4Z9zH7QX5NheYkeWvvpaf5N0MZXBk=","zXxkz6Q4A6ElBF1e2yDW3MoYBDBntzhsO8wNcr1A0ZA=","CaWUw6MF1BTxfXLgibjXtrOUHmyzleVzKAdk8vh5ld8=","7EXn5Zvf8iA+0dBtypPfgScmFN9GFXoVjKPtQGgBiAY=","fFCK0GTGveQ71n9QlXF3VljmM/T+/0y7xiUnZ/82hDQ=","wRfHwn4qTtOG4nPirCLbd1OSX/UcoU1qYrRUaBdKaag=","iE1Odf7+xi/AQzxsfcEEOqXZzUpP6ElAc5gJY67eS0I=","07hLHsDDQcwfWhXU3Ocvz6KHStq2imxdExjysHiWct4=","Ek9ntPRO0DPg6xPfJSPbMaG8bFmaBPlxpfhtBL+EilM=","YfxRUW60zwa7zuIe6BJBUzlPFQxmbIn/LPRBdnkaFks=","NvXMsAs8JzNVkDBx0euPvAH5AQHbA+3SyjQ/XaqX3Bw=","zLFM9FCpJ3v5omh826Qyvtcdg3IBenQ65Fn8yjyQKTM=","Lo5cSLZKy9/Ua511MVMOdZucX8A1h6zowl8Kfoe6iog=","aqygbx9Vx7cdKm+GtcCL8DqhST6AJDQWAi8LFGBdwMw=","XHYma0qbNlKsnCsTBxaBAvtbAmBBmdYwPr0cpzUs66A=","s2w3BfhYda5UbwGt1dGAawxYZybBuI6oiCXL+fINk5A=","0XasXv4KwWNRE7argMRw04SHgxFTC81GqcDv6R+W8Sk=","tuodxGHZt4SjoZYD6VZLBxAUEYvCGTodKA+bbwzk1kk=","yBZZx6GSa243S/u8KiLQ2LjZQS7YPgb23XaZObWCrY4=","i4rm60FepGptemeEKOGr4JTFJbSsPEY+ONBjdOYDbGs=","n3zwLMUBboQVP+pzWgF4H6bOAgekOUYGI35AJgolIdg=","Ql2oMzZj8uCtSeVi/er8NbyeAQ4Jlt6KLhqgOHXQ5Ps=","4dm3bplquyWqH6C3GWdAEvzvvURAHbjO2DTcgLIxFoo=","tZQYsMISRTdcqtLGTY27zoT7hxd+LV7/QbnH5+oyG9s=","amQRHcQGRhItmp4GT5dNtOHSF9s6lXxGFl7rjlQiVz4=","vDdFPZgzkLC79ddprn0ofz7R80q/LLNIq+hs8jzPmVc=","qIkgmJyEkm0QZafJfMljDmlBLVBy7wJodMd3etZX0Iw=","fFezgK137MxsqnzFkxWPO71E8Xi22/zNNCWgmS1w9Cw=","IJNSzi8t/1FTS5EqKI/CTyc8xFUIvK61urCMRjXnS90=","8dB4IDtIj6QrY2SlN99HPbERhkvmsmdLkHynOyI213c=","H4Mn6pmUnJgGPwSv0WfuG2ha+lGtnicvDhtawcDMIio=","+PKXDMP8EwWyUxcSo6WPzRQapEEKz97N4tjTXX2LloY=","i5Xq4MjX4FhHxiGK+bsKfh+eSpaQiqT1RCddtuIzgzo=","EMq2R7RwRD1/WGobGaIhuWCAbACHRZTw5mEym8ySuoI=","q1JNZNaUa4cpnz9RPGCDfP9En/fuFK+I30dpkJvuLwM=","URV1Mfj5O5c8TDwCh2x/xMN8uBCawQ2wVou95M3AtRE=","ymf6FkSRHNj1lKH+vfbyh9jFk+jhDmAkjzqEDfCQhGA=","Kb/TFxt0iUXcspcmFyCIOTVHbn8rGT1ZwiuPkBUSMog=","+Xg7jgT0nKZ+6CU9uQlpjrvwp5Tcn1Czf31BiG6UdcY=","RafEy1uguzG63Rszn2YEMPaKLXrygZbj/I2ppvSS08s=","9RDuGIhDg91+4qr9Nm1L21d5lKRCfCh4s7sCCZt8Zno=","Q94dPt+td/nLCzCFUAmsyARnVKGzoronnE2JvFvlWgs=","Q6Syl0z/YR0r9HDri2VwkVylkBSA+dgFZ7WmQ3FOhjs=","wPB7Hk+vTb5TaHmUWoBjy1+qUqnUKII9gWcA+l0jisQ=","J+ahJvjJEPFwfUMJxRyMBnSqp5l9IiSKbt8ch7EdCMM=","RHDY3P7Qij1LOQi2iWf+rI1ZtcBEICBKLg5saZcAYn8=","MJyztf4STQl+B26F5iyOU5mWA8yc+v92MGoz12BCbNE=","cBgMvvpfUIq9oRMsvkBahX43nEVtJBw6sgqHmygyjKg=","JWVVl1nnMgS8MuuaKSPRcYNguY5Fzlhmvn8y/pdKShI=","DeuICdCbQfmxCkLMj1SAjE5mRzZw2UbZK5ZTKDeZPYE=","zitkD3qho1p/c8T+VCFslM2rm82XKQqMu4ZpGMZNVlY=","AHVFjl0neAdkdM1ICR+9hcyY6kcZyMWBKgD0wH929Fk=","ndVAmVJKe7qdPaLf7J8mMXEXoEbDtjHBYIjJfH3AYBk=","i/4Vi9Do+Kj115slKggFTxDBta9bls7TrQg9cW9nP0w=","4Jr8mv2wgvzQ3EajOx/XOk9XAhjrhG7D1zRDXiVRdas=","8cfKBDK/tYM2p4mOvlzPCFIeblGMjrVhzXJtjA1wEbA=","ZYU9JLDhSLmHN6R9Oa0EQNt4nMjRJF+oo7zXNdejapg=","hKu5Z2W1GLaa/4NUKS16V6qsE8oIZVHQZiB5MmEoH0c=","op5xmYu8duZ9zj7gotj5TWF7g9EWk8CnUvv6ZQCVHxo=","mwhdmSDI5aGubAwdPbQ2UJW0jJjPo90K5jg6+5lFisI=","Mnf43Xx0WF5H4gFn2Y0tbrK38Z7NXocwqccMze57O0A=","HhdpHM6wTfMIPFmTQiAL5I/EK2L5tiF+PlCRCSqTPs8=","uAqp0ms5bZe1lImDxV5KOVzmnJmnvhyD14mW3u2qmqc=","qghW9E1x+fNjYdeGalh0vL8X+g/c4V9FIMFlDSF56tU=","oebUbjIdaCN1SJzXfmhkv5yz8xXrNcT21ea+9FPEqgw=","9t9bU2ddZZTchPxS73Uw4xk0/a82rY3ZNmVUzgTvR4w=","oz+1J/3081/ntYogIhQqR5N8OoA34RerZowZGJRv75o=","QgABNWHJAqF/dKetKkzAw+wmejZnFVe+Cbd+f9/T8rg=","t359OapEw5hXCngPRqEh5JE1hXx1lEiflOadEx4SZbk=","7cIe9Fz8qWmdzj8xTi26C2cOlOTM5AFiobL8qudhQBQ=","Ma0Gd8BAdhE92xCMV+Dz0vCuPdzIaMfAP88Zyk8jgXo=","L60cs+uXbcl6XFFCLMkuyIyy2vuh2JSYodv+oEp1Rj0=","y3THYEGa2ttFEpeoPWra5kT/i5aAugAaLZHF5HLUq7E=","V4suZh/ptOWWyQWb72AKLCBVXzpDPSj6SbMPG7x+mcA=","xVAiRMB0p8na57MKxlvUEPPyqcem5fuIW22nx9svneQ=","12KR1vrfkMAaJq7mlRjzu6vqJc36OKqUC6fVkf2lgOs=","Y0hvEQpO7mUsLTdvrJpHulCiZ9zjg68skDWVS+KkAmY=","t6yUYJU3oLzLC1TsNS9TXiedwihMnCjnqqeXGpCwn7g=","prdzCTIQRosxjZMVaVq40AgezkZnL+/qzG2eDE/Iiik=","IwF+3USri2WKLqYq+UShrLO89m+DNBPOJUhJPQdB1XM=","7AeEmGsQVzmjufYMXgVP7IlUpl40Ow7Wu5L/HEYIm5w=","mhqQZAN4p1fh6gfyLjuhdJVlFezSpueqE+MOyOuv83E=","hFFIICnSoVf39LWWnp3As9Pv0xa20D20Yqg/AT21Ekg=","JBl92rAbxNTG9yijTccm0HvRCM3PmBJFWiHIaMdR6Nw=","/xIu8Lcoj2p/uWslplmKa3QSRyne0VyA1OzxKapf78s=","83K+kICBcTkh7cGMVmAD/c6PKUg5en3/PnZ2Vu0b9uU=","XR0sOwYrydjrRkpUc98I3+Uo/UTHHFSCiS3tNETJgSQ=","URCQanJyGEA2pnug8rwMHzABwYfxE8s93opdfqMFyeA=","MYDcQT4KWJxtseaSMCwSIxUcpexWGBeKjmh+8aHZRZ4=","xo1SxyMzsVdHMOgx3q9LfbTLNZXxfkdrSwM7JF0uG/c=","sS+P1jdvKwJdeZTXACIlYY+jSBPexG3rd6XUCgc4q5c=","YOAaSkIFihRF/pycBtaijK/wzbSvOBMwcqRa6t6Mft0=","D+CFH5Cya48uXxEZt+ZozCUNK5aE6hgUUMQkwR+Uot4=","GDWjxlSDPn/2Ifo4XmXXkhq8c7VX4Tj2qnURxTm5Gv0=","QRuCJtnZGLr3Rcbk/QPNJ+LvYojGIhDdGCEY2VwQXY4=","thAje47/4aGHMBhz+o+GWxWzOwbfc+IlZx2eVsne6uk=","N8Ey6s/CJXog/pWnl2UP0R5u8GezNw/gGJ5SDr+AYTI=","r3vfTMKZev0H3zGJd8HIEPL6BDNsP6o/UpjUr9nN0vk=","N/hSlvJEMvCtLivn4DVFLgu+J5/PjTtjo3Ua7Tt0nF8=","0TRfAq3zPidnGsbJ6mieHH95+EC8PXGRP88rebOXp/g=","RGXLYjWjZT/p+B3wgsdl+98O1U/Rr8aUbeHkqgicJkU=","6KBQuucAwFBC5OD7R7cYHsAIm2O9DDrcWDoscNbZdJY=","REUgKBTe5kU1OeqR0x2dZwT+VPAr0YN5P2822ei10t4=","wVzzj2ti3FSSGnpbcDKlIET+teJMZv527H0n53Zawb8=","a5ExUKPxL904kLvGpO7Yf+x4rhaU0lfxwEI8t+BEL0E=","FMaH8we4OG8ipy1akwskKjfd0igtH8XFzYuzVFsU1RU=","Zbk9FEKzknW8Lv3vqagMtfRs/sbc3qIZDCuwZgYFP4M=","qm6tdO5gcPD2c4oEDRMwCSOoJGU8uw6wvN70vRhaJAg=","fgsf3ZsvAGZKEE2CnoW8bv2W+9sMjBaqTkm+soJmubQ=","JViRkvykdyhQnv06wc3UItVeG5RpbVG8luQ2nGkqvs4=","Nkk+VptG/9fBzFPLR/ipyZsLHBoDUQkz+Ktxg90QggE=","PkqYJX3cPa4fM6J1HylQsX4KPZ82wTc+6wWCqwDClng=","T3WzWlbr5UOS/WcRv8B+PPSSSYenFuB8RgcPGArjV9I=","ftQh2pdpGjS1c0L4U7M2hphGLyePaxL6swyWyt4APjE=","pd+Qe9ki/x9czzE2z7MQBc5Nl5MRzJ+GZ39vGmMTFcI=","ur67iUpPT/p3pTWBy7mAG3HEjMm3MldwmqIQXliVPPI=","/4GgLC/VcN/y3jpHA2WUo1jzd0rrYAH1LdmEEq7GiLA=","6yWc+d0IbjWRSDc+egJG2HoZgbcCyuZY17OOZ9tw4wo=","pdPoC9ippx7D8WzRWm9Fyuq6t2CIN/4j9r8Sf998BfY=","zvyY9GP2J7TvYgCigPbJLu/czki/GHWHNw9khHKxVTE=","wSuoY2Hxz5iNThrrWkprGHemhWr82VG/vk15F5IQdX8=","q3HofTf93IKI6b5NZzcK7bFjCC5Srv1feay40dRSXLc=","8GQFgXRW1eP8WrejjzoEoH0U74Grnm/pt2vnJlysC9w=","mi1P25Tm3qwUcjzReoOkiohIqv+d4O2lv+oH2zdY6MI=","N1bK+fBuh11XkVuCUEYtNEhD1IuN7hVpUuKirsLOrTI=","zemmMyjLA3M+BXdpzbaZxx8xyyBNtAyDPclMDqsqogg=","xYzjvyENbQZ7GjOGfwLCAY5SjFTtQ3HwM4cHkEDoFAY=","nCTxvD0DLApzvI2kZjH09lhpitfs87q6fqzPBdABA/c=","oLgH5fp043WK9cM9+THuuM99dcBqob5D3UFFW0HdJ2k=","8FARc6gbRvpJ/xHPgxYQfWEm1llV5vMui461yUNiY1Y=","FKeMT/cm9J0KIy37X0D8bqVk1grynrPOdMuGbUV1JMI=","ujApUPPxekwy+EwCZ2DDtsMen5y7zuAn0mhdfRWsn3E=","bJx+F2TRzuAU8/QU6QBIhJAhHXXiU4/tVCkMvCzLBxI=","prvdynFvthg03azaWxZo+GZsypGjaC5SRTUPeDZD5Ic=","TOH8Ofl0QcbHmUsnu/kMhQoXA8BJW2AU/E4A3VY6xEg=","12dgqAZf9lK/T2dCuZBDTJcUiDFwOnhri6KgWdg35Oo=","Q9xRD1JO5bNE3LfJG8uz+9G+fZdXlpMfbBAnkSYZiDM=","kkZcr23xSYxfK1kCopts0LrVF8WK3RcpjBqF8SWw0Jk=","4Sqqm0YRSZ1Oiw5YhatTBeTnskbj2TGgNLHfgW6u/WI=","HVUsUhjyb3ZWXdTKqjCNb/CQqIqRflSpBIacMd/cjT8=","1AkvU1zwLq0OuA60QuPpBQ12KlAA2wVigy4AQDCPho8=","LK/LtSQNO+eNXgu2zchPchceddiJewmAsq2er+H/N2I=","8t25vTAm+rpoadb2+hlhWKa7Rg1ZIWnLZQ3DOCQr7RE=","fTUz82D2lIDnkPSu3ft88xnt7fHPsL0fxp4l9Nqc34w=","+HwVZsX/nFi5cv9KnaL59PwuD0EO8gdS760H+SScecg=","l+EiJ0sdcLTQMYTX8mFGbF+djFqbMqFgWyac1Z8KH9c=","e7EoBvTwz1qY0a0olmFh49rdeGN7fXuVuNG6Sn++px0=","YswBwsRMswwxzH8557UjKFFmRQ03NgAYyeMIXsVC1F4=","6JDaT+RZInBSVN2jRU3xdbMdofcwVoeKZ4y/fMavrkI=","A7hWmSTPYg1w367Wu7d0cCkoaYWjfxympOdR0TSg8cw=","6dCjr1fwXV3BjApBEsGpmoL9JQh1YPn40YE2fowmWw4=","qlormRfLAKU6oIC1/O2sL1sfdYxRyNjzAZfwlHkNeHo=","29D9QSZRdq4lEjLwN6uqwWSKPTIg1Z1THtr8uxNuUVw=","fAqb8MvWg05Z82YaLQaNgfgIcU+zQrKKClP54H7QLtU=","scpIp3+P34Z/hIkx5V/w+67VnRNbsxQTI+u3gvuaZTg=","Etgxx6x4eJ5q/jzqsAtSReyIi7t7vooLrHpCLT3FMko=","QDVT/+KAPmDCPApc/yOh36mDKibi9RYwRbeuAxteLbs=","h79AKf4K73MYmPm1N1RryCaKz1WkP0WyItQInxijp6Q=","Uv9fYVuzoG46B+/6V4ffyDT/4LPbuHMorgCCCbBq+Zc=","vMM63ZP2gdY8PSBUoAfu1voS96fQqZhQhnV4W95cJoU=","QR3hpbUqFHTE0bg3Hv/wyUHJKJSOtkQAfVqiSBVHKSQ=","M9SZes0HeBqzEKySJx8OeWXePNUIB/ShrekHKQorhPQ=","Vb6j/1AUc/RVUu15rBbNfGSafXJqVlvbMF6JQCYmsas=","kXNtqMmse7yDyi1kGiwEsoFeapkGKeUfKwovyoqZXLo=","rc1o3Y4y9XghGHj6meGgeOsUX6fEOEk4p0iedtEleDM=","kJfErFbE/YfJathzcvQlwD5At5OVdAWtdvgpT1PO6QE=","rmFxF1ldrLjCtSC896spiV3CL/izdA020ESYraFuF/M=","9kU4kNY63wkOql5Kr3hmcqJGIpRyQk6MhmRWUF+OCF4=","VNsfWhzvljF01Lp/pw9KGz+SHd/v+PPzv0QAcbbN7o4=","9Y6pOCJuikiWnqqS811ti7KvrAOJxpk8zadu3r7pY3c=","tpB1DbC/aNkrFMpdYYIOUeykYmKMfrUg+cUFd7bMNVo=","utHKdmTwcBSViRdyVyES3Wfc1J2R3bVgbkuZ6Swmxdg=","Hm8CyAn2vd8ByOtm0QOO4imQKylQUlLbvsd2z4q4zEM=","vEckwNE+e5DUdt5a6Q7+9zHpmUGq1MyeIQnlZilbWvE=","So6HklA+nfHU48O5KF8FVQvnt+obtF1SSul46MnIHJg=","tJvAe1GybodO9s3yzQMqJYrclxSfD6lQ2mTr0zQv0c4=","e165ttO+p73YhJAL7qsNx17jI5CBr6mnNj5Wi1AhlPk=","4mcZMTc/ETRB7FfgN63oXeG6gbRfDQQXstRlwbh7uEQ=","oiIyJ4uA/ey+WmMywwRlb82LjdtD4OND5CknCz4A+No=","mFLgrGPDLYzpdRVdRAQa2dEFACKsGzI6yi6fm9pdVFw=","+04eIyR1g43TpzcWHU0IPwiorZb09ctbq4OraYDFWr8=","+xZNCTnjsSF2PQqZBQ2fQYq1OAOxIX7zSlRNPWnQ7gk=","9JxA9B5mTHYr01DvttrjOgAe+GxHGhTLvvN6y+rd+W8=","u7tRCX5rioa+GLlbQnhAAbMFWl2WTihPqMcJTKjL8tE=","aEdmMi5cS4LxhewNsLJQmwc+Lb5MK8uKEwrb9/bYa2E=","l60/8+iGnzmtMd9H0LMGyBpvAdj178yrp8gUPTbuFW4=","QkGRikrQRilpJLuMafjBmY0OE16kjyo0EuseK2jf/6M=","0rWiSs0asRy0QTIub2wD5AS/ofA+JWajF89Tx08lpx0=","x+iCqlbIhZa8T/4aVKgRAVdo2eYixBiZkbfmr4E6Wh0=","JUdz0MKP09Z0XgB3w5sP0qr9HwVkUuPsbBOdkdXeeww=","pd/UO4QYfHkrLKB3dhvxS6guT89+McUALc7uJ44VOGU=","8kFGxUd/ioTWOmj5RQJLlmY2XMWXO5lL+iPXkFV1ZBA=","CaTpWIIcXM0Ymabry/z0dOtc84WLw7HotQuiww99rAw=","xBnufUMANPAnIIDT0lmyI6V7rGRacP4nmNQi9rHV4UE=","T1jAZ+1pKDtyQgFmubISqBYQ3ydgtF0sqo//AegWCpw=","j20+YU7Wyxm3zY31VFfeo6qPHqxNgfAVds6HXoMyJs8=","AAuJRzeJdzRFJS3TbRDo3u7Gz9bSErt1QDNOyKjCD6w=","fjf3+ly7hKNf4JKEAqNSl1TqzFVAZfiOssid07oqB1U=","YC1zWP+QkH1ytHh3ZJ/uDXO1iQ8g2pFCm2PTHvzosfQ=","Km+15eV1OXb+PABglpwg2ejuwSXMdPLn9UBKCMx9A20=","Eh5pDRgOqa0yC6HYYE/LBcS6d/VpRvZFUdC1zlwMVC8=","UYFsvm8+wu7v15RV58Z9594CJ+cQ6vMwTdSS/zUJ31E=","5kVIpHj9vSoclyOubZU1B0viV2ToG1rTPQXlx3lEato=","zWPxSw8NmVOgZKHM1b8biWv5HEr18TMRIiGEM0CQYZ0=","YcPoWmRyu3Us/fKQf1vdAqLl99QpLTB12i7L4leEOTI=","wQk3+/WjKy3W/yegErlCbZmKRkYfBdrAGc4C75LY8Q4=","e7OUEChSDxUVlzvIzr1RpbreDx+7B2OWIqgvFyNe5JY=","RxUm+W6Gt59zZbdfIoDreziTcueKLy1ys6qReEfzTTE=","WlpQYancvWtZ9xcM9wExvmUU01DicsXTXfvIZpd75+k=","7dG6m7c5GiebeUgzeXM3K79xQ0f1G6eamFpxUPVYQ2E=","DbxfIDLysyJ88KktcDcj4FkE3kAbC3mF/2RsVA75jkk=","Dhx//qTJAwj+OSpnptAyvOR1u0KiCdKOTI/LucOwKOQ=","gi/lCse2XmuzahinvIYEI0/KkrdXKO6m7cj5mPDdATA=","swd21BqwbgGxV8KN8X9iIh+Wd8CkMaaX6pwMmUw0Wp0=","YjV/Mp6Aia6oS+82CIzB4rGMRgoKOnzlpB6L0DFMOrw=","dz8hzoWuAkLRIKAOgTrUo+xZcM0Y8yWFS8OzXKIyEPE=","ljkzsXzyrDP2OVXP9/b2oa53/6xxpPMHTC9bAQ+rg7M=","8POcq6PdXq24CxYT9dbzjZMH//CVo9SVI5ouW5ahIo8=","Oh0q9Y/EQ9p6pam5aRXusz80/8xvG96Dd766QD/c0+I=","hihFGEWmhmnGDrAQ1rllpo27U13BlXXnjjUPuBjiVVQ=","1gGcfmloiXbm261BzbyMuYmFaizlPHGEeawrxN3tZy8=","Ak5FVUXXf3AU7kKTl8jU3Q5DqC6L5z6p2MwJ2uhYB5U=","TU87LvDnrrDngsT6tIpnC5p0nFEUZ7y7V8UJPYjRq3s=","e24ZGVRUangeAiN58FwLGI81Byw50M5y+IaRg729C1I=","/l1VsqNgZGRAxerAVnSwiSQFOd5mHptvWVuA7cDF0No=","v41WmT+L4s9SSs0S6AluONSE7g5p94RAGzKylBlvQvI=","22+kWOhniVhxyvyUOzPrEuPH5Os/LeghUeCVL0VAovA=","Z6Ne7Ng1Nu6SoZOoAATKk+UemOdoYvJXdssWIhrCzt0=","88DlD2ULdYeLcq8XK5HDGhGS1eSLoRR+fVKWbUPXnkk=","o7XCTaaGP/z9NUviuNy5bIqqr0KPmAI4gnz5NHwNbhw=","qYMTXO6d97u5PBn9b4vP94izCLEK/UL8SSz6lSWSUAI=","09gCPuvB4tZR1qyb0UYqTHyWqKIxQGZZeMgRrhf05bg=","KqcVCFaitESDU3wp7WKrJe1cd97l1/G/giqMgwrWfYc=","GNB8XKFyQ98LTLVwGwiYUfpHYU4NwzGQ/vedNv5KtTo=","rzrOq+jyR4Ia+Y8FEJgD6tLSuDtbEZrqP9C9hNifikQ=","PAZ2up4dIlXxNBNqHfNAhUovjLybTq1L40Q5iBSNV2E=","dKxoqAWlpjlTE9EY0gVIiUk/RcnG8qxPraH7zUraETk=","/7VQIKevKBnugUjM6r7JuJN8CPIPfFslYbxKAGHGTtI=","1BO0bQiB7MW7mFxsH4p7+VJwL9vYQjeZVrC/oDMkPAA=","g6T1OjBu5NnRiEvbqaB+W7jvpoLtajl1ZHzkjptNgKo=","rv0na7pckUgO1Q4MPKED6roq0oRqOD4AU8HhIdy/kj4=","GFcDTI3lDxYyFvQtIp0FqihnnLcVnlrzvEwBELAwcVg=","8m4SnyhrcdZDczSbHGPnYT4tMPCrvbNK+yC6Y2Nfb6k=","/2eCpxnJer63+s91h6KkannJeVuPvT8z2oukFlm+nPo=","xdqAYEqgtT4ZhS17m+PkL6CHhqUxJsCyEaaBDOok2Z8=","Mnr8AqSXE9w269JGQBgVwqY9Bp1MvNG0PMGDmLFpFWc=","+YJOjr9q2K6J2Qs5pNP2ATeDLf0Bo/gzrTlVO3XKIyM=","Mi7VWDwdHUHtj1czyz6DTNTqX5TjT4mJTk3FF8N+jIs=","O51c5LjGP8iibd/8IkCTDMma082Ou/AdqV3RH+9ld1o=","wvbMydXEBp3gfUjgtfqAWfM9FOPESp+gS9NE52TMeDQ=","XauGJmhhCg5XXqQzYv8XAeqtiYzACr7PBWylCStSLZk=","Nr+cREZWf7rXG6JFB3MugEZUSNF8L1YYyZz48ADC4jM=","paADFUHT0ghG+tVl6kSuJemv3wk5+gAKK3AMImIposM=","6IGQcawLrsCTw1Wcplx76qbpBPO0R4iIM7Td5bN3lWg=","SBeNmOjkmzPdbfNqr6ytoN91isQE0unqJqzmf8bzIrU=","ZIykjs4FYh7hc8mmY4fa7pKXc6oNlCg99QEBqIbJXpU=","LVlBao/6gq/5adeCtPl/2Bbv9To5xAEVSQdhKsO/nqQ=","d+2mh4ws8VCuaE1Roj+tz2fUPdlV0YpIvNuaUrxZFaE=","FOcizKDJSAjFsCDco1L2I2Wav1Tlzpy6MecvJwnKiM0=","GsdMtFfklyKC+VAs3FJOGLnoZt7PJdS3PPQB4kZtURQ=","iEYg2mZTHIIlQnZsAOtU9pSThmppor0Y31hVO6OF1oQ=","vz23UV44Voj44SzAVfVJPgq6qZwjPn/VyOYb9NIlVrk=","0omWusd5FchQYJlG4kVSN9OBBC/Y1zWk2To6Lkx4IsM=","335TVpmSGeZhxwJIV7Ds23m2uo/VnjF3r6oayXt0EIw=","V1LEqpoJdfMURfM+YaCpF+JEKHu6KsaaH597Q1bYMmM=","omhxzXqQV0ok/2mhJOhCO+kWxHylB+RqAlMjkWHDwNI=","FP05i7Z5sV1k72ggR+k1BgVw7nq+axhjoA5ra0lwEFM=","ie1nYlm9B+U1GxCU3XUTh5Q6i3kgw08diw4ksi8hneY=","9dCVWFXpBN8Qhp+a0RXY1G18+oHt2s9DMqZX0uD7U6s=","FY7ai2ywjbN+eaNcXGn688f06rnXNT+3oArpxW/OK5A=","mruFMVZbw4Y7o4Kn08hfIT642DBurrlD9Ha3NZxzdi8=","dWGHf+pmdGSt9o0otPBwlfzT43hEdPJW1bs8HW8hH2w=","Vk9liq80+ikibluZvmZC1Y8NLsrQD3R+1F8BJmXXXc8=","o9QRF8/QaU8UFkquEmWo8p7SayR6iymV2tlikgIPgvE=","HCWZ/ueo4ypuiu1GukFDv3iu5cuEPOzRFn8IrlLN6O0=","j5NgC8+z6eW0pz9sWgA+XShWeANIAo2hgX248KyDLtg=","VC96ncSyjmyRuE+Ay5I5S4SoCgn0AIyD7RFEKHRhpNc=","M1osqQMXow15VvTh+Kd+fhRmqvmNTZDeI5RHPFK6A/s=","+lnrF+AAe4M1yKHOLt0XXYIC75b4BFnbHyA3ajyvZo8=","WIi8J8ilFvcbcRopen2TXMtF4gWDWJO7wGe4P5qrAM8=","uSJHmvD76FB9sp3yJ9znpUqjhgsYYRay1dOuF/YCNTg=","vrC5chIOf9fDmNKgEx2T5nKJG+XyRCo2xg2qsxQa5yI=","29xnLQASXiT+vviI9XS+6VwDtBs6AcDXjtLZkC3Lbeg=","6fT78EhPZogs6uID3JLMXGExr4UDX496eGml45+AD6c=","BuZmK5Jx+H5JtrNKsY1mK+9WzufqjxNDWWrz97H/K+Y=","db4VjZFNwlD67gybg/KlB9JRSsyb149JpjJUxkly18g=","clN13QnylL56VnFajt9aExaHIVvNY3lwvnTzS8JODNA=","AkVhFYWkG/XBV3nrbXIXFcsyK8NlNUNEIoAFN8Gw65g=","IVQ5RGMSF3YKIzcwq/Qfau3lZnN4dM92XztUJGfLkRU=","igzG0Cq2eGA9yimqolWNYLM9eeBmEHZ0F3tnd8P9/UE=","7ssTQp6dTh724ewE7y8CvWW2Kjwu93PnjIu/yQi0B08=","nhngRrBb+eUtuuYpCR6Z+Y4lWKFO5d/s+0wpBWNBkk8=","cCANZda0p+B9RmSRA/UwsH3W01iDqEg/Sca94JdDe4A=","wOn9mc8Utj+v1dM/rEaSLCqYwWEFXFxBh4x5ufXs+94=","XsZZzFVrEtI7AYQ3fOZxKNuFKnVPuwwAax/4iBJoon0=","+KNkdRtYIL8g1bg+UUBW/2mytfsXFxzgL80q0TwuoR0=","IUN5d5eLa1BxLPODlGnBzeGaCvM568iWEEL3ackKwV8=","Un+r0ZblTPnly9aLbixlCyS7HfvXYAWzRYBrkT3GAaA=","NLECHmsO3wXNh/GRilyCBxvvZIE52+hNyvu8WLc6wwY=","rSXPvBvjtnLZ/6dnNwcId7f54Net5i1pY0s7RAGWe2U=","pVEa3pNFDJtIPrIT0+FedxoD9gitxEWE4DA8hK+kAMM=","4F62jodqsBjmMHZ9NCwRbYlwIWb5ATZ4eDlJBn8D5OU=","LSvfNixAURKYi5sEfDN72JvepkEbZd7j6h20JA4rxGk=","ATO0LWcta7t8CRZKyHhVNV9bJegPU6/Az+vCJxAkNF8=","Vk/ZVVEGaqij27w1GmzUODEovZrLRzRdB8BuEahDNRE=","R/dceHBVPwiMmkpQwLWEvw29ihk7ao546ETYmag5MmA=","iBNTMwnGielLw5UVlm/btxDsPfGPtVVlPj6mc2VBcZA=","ZCLulMKOlHUqPQHDwwZcczA1CV3wjbDC6S3fdWmZfbM=","RugNKlnwR1Mlrrp9xvRQ+VQQlRUXy7OL9Xpigju8APA=","yng/zt57FhbWwXJFbjKkdzcXI+KIlILA/4Fnjz+xmug=","vGyFUxZ9rDiatzp3aOo7LUCK1vhqVmif4gKzysyYbq4=","yoflrA/3zcki7DVVqtF2X321l9HyhDS0/mi5/tGzM0A=","Trw9m1Rgrs6J97UAFTlRrNd5Z56FyMKi2Bgaq5AQaBk=","DgGfVQo7xxQC0Ef24ha+EkW1YZduQiRA63VhS9pAIkI=","F8K+ZJz4+d59SL2VDT8vU4GOtKBZ8E5/kpLq2c9YVZg=","qB5UM/RQZkD5tiD2QtZJtX0sJU1PDJjRd38GmbdxnM8=","syx3IqglV9ucEZh0GMCdwcyXZpAfQrYSDF6MHgN1EOQ=","6vnRohTD10EQXyRg4klLF0CjU4n/ShJCR+2cFVClZCo=","xrLMWdvrXJZw35BCJ8OdooNXFtkBhr9lWELhyh9p9pc=","aF3oTDqb1zalFQFNJSZD15LQk3Ve24+io4uRJ4Mi1ss=","VAwudRv0+KN1jADLvRv2s9oUw2v2KAUWo05jLkAX+OU=","dSYdv/tQywVJleCLpdH2FNNiR0xSygYOP63m83hZZ94=","Us6c7aV8f0UFXOrCIAeRbz1Q0ByHXKNc6BOSxxKqdIw=","2KTMeXFGPDQ4tCz8uIyO1IGKQ1D4fK1u77yAj2CEKqI=","wCElzgTfDwlCSkAwPz3/1vqYEcjfdFuHZRB3AqCzcUs=","t8kpDn+5P5dMRQbqQctEGFR2FdqSsPTVi2ko2ByxKvQ=","dEaYzsTM+YZ6ZQ3nq7atVnAfODv+IdR0ESUuOPPFvwU=","HyidYBDEsW3+a0krgYy1xCnAWWHiV/abPbK5TvfB46I=","Q5vQrZ8Fa5jlX20IyJhPIZOA7XKdoHllIC5V6cTfqa4=","367DqT8nkR27/13hbMQLdxD+LhASnu7b3d6RNqtXo7c=","hcGj5K6R+JV36vHV+oiAGce9d/u2uNjF1srsyZJmQA8=","EU8Z+eakllDocc3hXbl6iuzMTYICBBp7dbdnu7YgIAQ=","81bBBF8KKfORuZodN3ZkbnP673NJhhAU42rPAjnH7IA=","/WnfWZMC53lNEyTBJPtoGDTyabROxNkn4tVcUzm7zIs=","1aBvLxQG3S2iimo4r0GjS8LjCCtAeMd42cy9aAFkPlQ=","2PaYi/wcONsRIVhsmba2t+YP/nM3DCpLPBomeG/uVjk=","51WHEKXRNlbdgyMtnkaUuR2oOe018+AU7/v1M434et4=","6y2SbXZ3ZTVnAQIDljBEafHkgq+OdhbeGY3lnEEPHaY=","8KqZLlLUJ+q5s69X5e2LTHfCuMvktSfoXYPfveHB0I0=","r+RuFsKk1b69UhS1dL3Z+MmaMlzzNu1TCOIKIMJcekM=","KMgg9gwFnO250nwN5ZGiRSW5cSMNNg4eFbE8mNBWs/s=","RpouhIrbtbJ2nRvRIlKqRVdqOkODVxAMUkm2+dG7C18=","G5TKDntWIW0jkja30Ie37WNCIKmQacQUNv9zbAHg+dQ=","DSSccmRBhA87GdgtEUy20DTHRUyuoyleJghWiYFdVAs=","nM3YdzM3Aq3YM9dTIA2ux+JOA18ZusPICQ5u2gRBs7o=","9X4+vgKsmcCbELM6i85eX1GqjdnqSr3GhnOb1vBfXp0=","O0PvO918oAo1X2wj+S+Vk+GEAOFbMwj9PScd3RzZ0N4=","BN6oXEfU5KdiayszPtAHtlwFaQ5m6nYexLCQGhO1wis=","gG7jNtGO0vDhgeL4sIgafcV8crvI6nAMQrDS2dql1TM=","ObEJAqcATsueRjahBbuWT5J+jjCoyCCKk46QPtYh3cg=","XNZ2ZNSTlPagdDjr9kDoZh23fxYEkIu+e1fDZy/UoaU=","uRmgxCwUiCfnXVrGW3en3R7xygfeiMsIenbZUfSqxaY=","rzS6uuCW8vkd3evrXSO4Ut5N5r7i7w52edVr4xr5qHc=","a3OQxw+77JpV1JUTM/WIhAxdfYG6cuXPOmvXFcvGGpA=","yfmOhtxkZuhyCqhHZYj4hfsu3WyJhOBR/U7aDWXogbY=","bB9mjY2D/0y2KQZVnbwuEvKqmv5OQsNDzevG25T3LEI=","MT2uBcNSSkvlWoK6rNzf8+TbP8nqGOZxbMT+ZHnjc/Q=","uJk6LIIaY84qk4k54TOSpiB7l3brmYfploE4o0lg19U=","196n5Vt2HnSJxY93aPOMBxgff5wYHpGeHB+RFVnneN8=","qYZXI3g39Hm8jYRbUVqTL7K+Jwf0Hadn2Zf8QvsGTD4=","RJ+GhvVKr+QwUBLUrR/jU8zhL+RFRrsmrL0bHJegTMo=","NYiNU/taAMeJGTgHprkEGq/qE5PEWeJjmu2afAyWj6Q=","QEKIRFA0do2LGmqVq3kxHJ+lclShmgGOkDcSOqp4rHg=","rb0wOXkGmspc/lZXrfs0csS7FsXihjb11v20KT+i3Ro=","22oXeAa85vsrSRYZ5hemSnxE7NkhnbWVNq4NB5TrYO4=","lXPAw8Ope8Lu7I1lXqTvKQm0ZZv7XnwxDfiajPtkO0k=","SZrmKXCfmggCRn4x+qLLB/jrD+gg9oblTBppN1XycSM=","Vgd+szHGAWxpQqyW/UIJUcBW8LlkXMSkXzh7waWAfQk=","PS+162hH2skSL8LgXYv3cyNBgn7VSAME4uu32LbWVLs=","/N6gHAVJwRA1RL7VF04OcR3S+/53Vegm434Gr54yD4g=","cNDUtW5EfHYy3NtcArwyRlzFEvt6vGrRwMdB+FfwN/A=","JT1Gze1B9A+VxbOuYJSAVAOPvKIXPWSO899/+LCQcQE=","cwjafXvb5QyaKXz5OL//PckcL1NFx80edQgxZqkSfSk=","6e9QTQ84SWREAYrtgamh0ejmIBp0Rp4Y3KM2TAkvrcc=","C1bx7gbFL9iFLA/+3GneOCpbWmoBdc3vt0/phmajTHQ=","QG2fTpJvVBfZsYZTABmAj3kuvq5KUTDVbVZSIl9jF3o=","iqK3IoUVsBgAtBOkgEbEzpp+QgduVr7WK0kEHmknlI0=","fQuGbAD4szwDNoLSvhmNzYWCGjOTqlEdp4BbrqIlgTg=","quHNY3pneTtoDDWQkPzdrq2dkqX7xi+XY3Bg2d68BnY=","mMmCTSEO5S1aCOtaI9cbwF3PYAX1V202xQT0lqMn3cU=","40c7xnvi9Ua0eDU+GJxLx2ZIG0vje8Jd9zghUbqCHDA=","g4mrUU3olv9n9hDFQXgE+/TdigXpO1bgjv2jzuWjltw=","+laCqUpzOmoFhP+atstgEkJRZhVM/hDmhuhRH6CpqAw=","rDZNbLIhGTvrbdm4KrBCoFsJeoWjN/VGxj62pPTh+cc=","EYu8FVhK17rC5LtIf4LrmfaGZhy6UXYgsmuFZroT+Uw=","VZ1G502FN3S+Vm6njpAskOMde3QcGM2agS0NphnN+o8=","vsO9L03k4epfOm4DkqMpQefGc2mBWdkZzELSioPSxHQ=","EnNOsFaNOpCqXWYExaYXP7mICq7hANgxKPK+rubgUaE=","+I81lXloEDNsIT4i35kzPm+Juk/6UchlzMDjxlWY+mo=","smBR8D9JisVoY2LP5LtKHLgbp8OEO7DVjFIAu60Dgdk=","3FmmZhBKl1Br9JFarUo258Van2uvgL2lCjB36dn/YJI=","z5FjkTsMhwUj4mPOeLa0HunA0y5q1ytuDURPAaA/c7U=","8t4gmfOZyJVuGWRHxWAwKzW9f01f8I5OxMU4QrFo8iU=","GlsFuXgAdBVIhQW7OZpSvrwnL1/zZkIjm1ttUKhW6tE=","QiKzOhdzE9mPnMrehdUTreqAfzI3DBr0dTTYAVL44Zg=","MpTMjqdO95W2JbFTSoYpMNnAk61sJ7GbBQfNS4cIElQ=","l8oKvIgCYo2oKLPcOLFxaubs46aPbrUg5HsGoDB5YRE=","MeSNt7olT7qWHoYBGfQPEokLU6jccJBHFS81rib8+l8=","UgZEEEIP3uALDf/QNybptblgoH3Ur6vflxn9x6TPAh8=","Tp4lr7lmIoJ/dYIwKcwC36EYAmdgHgAFqf1Mbngg3ZQ=","PYR5MWabN/JKq5RmJ9ZaKc+ejJTCD7Lg5G/armtzzzQ=","F7ZmXwAvTN6RXAvvTP7NKkai8ecOEI456AeC1vnWx84=","O72ixZTajgVUKuYCdLFll5qqvCMdyPduiV/3u0W8u3I=","XRzLo6nRf8pHWIPIxinBzfRD3FU06D7WZdQ2l76Z/GE=","C6I6Y+WAdqYXLazGUnEGvbvsYeyQizdslAOVTUqMlVw=","DeDnlvj8D9p08BAaAFPi4qfGkmbTfSZv7DLWEImkYak=","P+UZsm05TWl/97o1pLHdAX4Nd0qM+9nU+eMVUaNLHH8=","GP5A7h3sXAnBxpOWuz0XqsCo5+czL09zDvBhHDSxNZ8=","T3IqmW10aFO1bqTXJkAtHKkxhTRnpyZUyDK5OVl2FB0=","VBU0HRfh2YNJnFTOlwdDGXkMflAj7SXN7zdkYVVFdCs=","+SeadeKHvBXtZOh+1v1jSNbH/eQ/8+Lf2Z2axMgvj1g=","Z1e2yaHRnrH7NphAK1AtmkkK8fmjx9TdiO+FF5PGvxI=","UFxV2iEOV5BsASeSomOUcmREK7FlByUHMao8WMYvQmc=","g1+deg5d5sCbQ89TaF94rXpJCCaZkl/9xZ6u9cS7sEQ=","1tYKHvtct7aBPxs8HaJ28fVGbI98J8C+iFXKg/bkTuU=","K2OJS2WSnKF4PiI59vOQQg2jkdBI+SFnb0J/uqmCdeU=","bY2yvMkbehIiEMzsR59makyxREzCz/bI9VA6SpmT+Zs=","+vS7AOWIUDGULBbVm9DGxZoyN2g2h4jDAbyMzUl9S5s=","nsWeLfnxKznOROWWOhMJeU8JAZXsB6z+pbq+zC7xsP8=","zqssnKC33L0HmM0YStvquQeHOyI1E5EhJwa3lHpwo2M=","7xl4zeltnFtTO5zhH6e2Etw2TYr+9FI7lqjoTojYY4s=","E5iZl7nSBz9HsiaQlhzfNzE3ONCNVqdmpzmePucK9iw=","iwEU5+vkLlwqjLW31rHDHB9DN7OvcDzSx2F8vQJ3YFs=","f1k6xPsrh7xo5UfQVsLldgZIe4hXYJyoiv+Mu8d6g10=","42V92W5m8ZYMjfz/00uK/a2+eGwVvo5WwE5Vf5q0phU=","Yqdi50bcadcjMke82otsxCpDQdImxnwfcqSV48fpo8M=","S9nbgeE9R0dHEBCeCg+E4C+uHSbwv1wBO1aQyQHUoWI=","O1aek9dcDQqndteePYR9+0RhYkke2vEYy77j97e/JTc=","Pbka4cMaXe6LcOZiKQ/Rvt2NusZ+O5MXhWWVCYd6uAU=","3eH0kqgHfiIlFvvRbDqU2M2aqU7GO/2RmOgNCWezSKw=","M7volpl+nhNaBpNFlFhoxqZCnmhAEG0981O9BURS6c0=","yVvT8UKUtmZBt+zDw4d1sqVSye8DeYAh6lK3336tml0=","iGrTMXKWMPBfKg9hoah+I8ZjHyst2nYc2Fa24jRoigY=","mMt9s7vPSjd7fmTUVb/wek+1AqPMYzCu2Knc/dQfo/c=","DuqqXWYC0i9LEkP2KdrU2LEq73v1j8Wc6LcLLNIaHzE=","wfXDaPx6egGRRLdUuypMuuv4OyPLS0wy95/IYfJWwhk=","86JkuKOfeLZx+x8XwVOfXhAXkiSanbn+SAhOqchYaDs=","zu0tW9RKi6yLhrqNBDklP+/YzD7aLSONqfmOZgYF0Vc=","cZEjTzp1jJ1rKRERvimLgMyUiiaoePSUevAd+3weT18=","W15sayBqMXOg6nUFN43qiZ/+pOKY0wolkiz2fh0mDx4=","WaQ0J0g08zQBNwUMwzAYAoGG/PYi1z15uzfZKerdRA0=","TGhjJ2q9K79MIkv/xM0ZnYqbEQX0KdTupFlTAPpykuw=","h59Xw+CnyKO6RuGJEdfUdI0x1gvESba8YUgEpw6eDgA=","VdEydfZuCpz7TPXfVxDUmtmKOZX5WDDJlNVrithgYTw=","U7ZgJ5oxrNtuU4/n8llWYjpp/Sixf7L6a5BsZ/cce7I=","jzbQkvcu4FDQ6J3LLp0sXU/0qepfHBHvixSU3tn2ZvU=","p+x7N7/PUJDFrtHItsM9HVaS6ZM5I/4v/4PXhRn9eh8=","u6Xs24VwgywJMgjbWm7IfnZWZqGpoESpfCFRbvXg2cA=","kXeTVKaQFWaw0PeKQ7xO1A247rmAlx0Hphh04zP433c=","6A8OAXC+vxH8DSciWaV370ht9sx7l889c/FmgJKneHg=","FzJCUL6P4+1T2YwsLL3jsLsA1TqT2z7nDxIzohQWjoY=","Cmr+86I1hvxerSQUVqcAlxh4I0T6Kk6uuj4P10bpXkg=","2+Py+B+qE6iksrckWOAFs5677zge3bSW716QViS6ksE=","Jk4xjUkFnxN1gwCDHHIIazE6IFznsy9rv+gaXMcK/EA=","dSPIIvsTmPYbGXzS/RHUhrrdmLcTJYXmpzzHd6+KGzk=","0iUgZCOT61Xd1h3WnKRBgAHpfEd3daXcopzEh/ZGXH0=","AmaRu81Jd37MgFj31dkoZygAigWyPFr/Nbcm00+heFw=","R7I4xhpFdlhytrDG5KXJZxYPT05+JgwmtLjX44IpQyE=","RhydeA9kgSq8I21W0vz/o7SzkTuCSRCdKC1LIN6zI60=","+eJOJEB0BHV1iXVR8DJpXxXgrWdc4DPu605GGBmTN5s=","eWu2b4V1tm3JhKfGemmC/rPGnsAZUt5WH8hujUWe2xo=","XLV6zPU0bKtfwNawwI0QUC38UdzCXrkFGN9MU+Ha47k=","vdms4YIC6Gk7ixWiRLycy48szVRK5YSTbv9KhKIFQM8=","EkGCNF6M9XuuFrl+CxRTQhQ4VvvbCk9c2EsI+Ue2ooQ=","4rx1ZdtC8MZWfJv8vimjoj7os5V12rKz3RMLL7S0Whc=","JY/F3S2MAoI1aK1kBdreNZ/E0qNgGPXLgDVd1E5qOcE=","vvS5C3cgflhNINDCZEEGovl+HsCuwryY9CBYdDbzXP8=","nF2eK0UqgEpu1cmdNUomm2YTEbeCStml74QE1T0gh2I=","WKeDJhIoLrFl37P1ML5rbKkVPqDAUVjcs1OgpVejcOw=","Pzg1Z/Pnzn2JCck2YB9WibuUYEpy2IqKvYAX+LbljHc=","yrCQU8jpQe/HJF5S8Zo70XhRDu7mNNiacRrm87In7dk=","BWMUR30ue7pURBGWO1m5DA/ba4i/ySsFKmCitRoY7hE=","NP5+mTNyk7PGOJ1NHt+7YfGpAt7ceC4IwZWfEbwPygk=","u3flR262Uvab1RV7TQtzitF0YQrie1ERWBTb/NNCI6o=","EEVh/guM0at5qz2XENM6Cg8iNe8tr7h0DT1kkQDvCpI=","Lg0RFRNTz/QAw2CTeX5121d1AF5IdRljT/QeejklqpY=","8UYZ0l9KFCCvYkrS8MnvhDy6iTov5quZ8Kg5WjgcjOk=","Rjfji3PiFh2fCm3zdYbQrLt1apHQ8g99HJ3dkH8ho9A=","ar3GHRVpm1OAG7WEE0QDZ9j6BDUZD5fyGnSVM8VIlkc=","0W1uZUfxAa3j0e+3HAsBVTlhRDnSAFAJUwTpE/ODtew=","XdOzCLpo8sfw/W9cR7CnIW9mxzTI4JkTc+hXscZ9nBM=","3K8QMhQUxg5ZRyQ1bmliZPBWXJOFiYc18e0Tq58hehU=","9opNAuq168Laojp4TfZhviRSkmgOPGs2kh151D7l3c8=","dhau11W57x6qACbLlPHeIputs0qZ3FWgVJCZHIgjckE=","4qHMPIYneAsaVwfu+xe7aP43x2uuhHtfnnBDv7hXcDE=","0DT9WthcK+RztugxPzaMD3SMRQznWr8RiOeDgkGd82o=","fd8PefL6QGBtQXXZuCsZ2Qqjizqb+ahWrKNnF3FjwN8=","nvPP+xSU0KG2juz9ik5l4GWPXec/QIq9VVcYQs7km44=","+43LmBE7tYnnHLkmAR4czWRo3bku73nnkuczOhuk5sQ=","ISzB52M+7h1EP+BSnyHxj6SpxHfmOh6Y++QOeDSWlDo=","VYYmEwMeyC5YWTTBScrKITJxMiguuEfzMiPObnKBG4I=","AGb1bNFv1AKZbxMAZnj1FG1maMNV8NC1id8YJAjW6hk=","nMZCZEiym8lY+il7sipLRpjfxjll8i1gO/Kk6xHYRW4=","OcYIkuSQ05XhQj1YBO1VN9uartsm5KU0xBOZo4XZ+f8=","U2T0xr9sf7V1B6Tx6dOWwmUzu1bBzPQOlbiMv2xRP8k=","xOdZ1IWaj+kVaguO2nM/0QzhQbYbfXz6pLAbdh9cGfg=","tc2c3+b/behHPMsFKeI4uAfHY4Q2hA0o5GI6ARaFW4o=","LUxNjXmjtzvx1ZfjOtwfUbuvrFjBgpdB+dWaK0pdY3I=","ZkgVynTda8G8Wyyw1NE6oO+9kM/RuIGD9VV1efbDXz8=","B44ZSPIKeDDit+fQ1jNtBGSXMI/w832h6sURYaH3ZVs=","BTXCPB26DOMVZaJKzyy8xp6MZ7UduNbsdBZam3eV5Do=","LW8BggKYMr7QXTpqv1UcmiP3yRuGj47+eAA5f6dBrWo=","QA8sZl2sbxqmnPl20/MG68HfaywvJOOgVIQQpVGqugQ=","TLJc4p8XSVs2k/hsiaFpCTrCxG6HfzUiVxQ2LbXARCE=","+wHBFr17qZ+A+fqVkOI1V5D+75e4o2djxg5vGyDaCcY=","UaOCjdcASeKF9sDqQYgKdbZiwGMcUGmJG5Lf6oro/ug=","kfw5yISySp+IXbJERBh2lTxpj2u7VBQSdFL0fci1pr0=","8savMe+9ma7sTTCjjq+WBX5aohFBX74vIs+FzUE4LJI=","SsciGAAr2H8METwpBw50S7AcfcZMdm33zwWKWlslm5w=","twcyQPa2dUTExLvtoZH5CfPpYWvxVCAXlDgD1fPX4gY=","3Hc4bfhlNKXmpyQ3ZASnZcocd1uJ5TQOXu+zzlfx4qU=","ntYGDbjDjP9PcJsRkI8dVEVIdmZB4U0h69DzX8Dbm/0=","qTH1O/OZ7sskfRAZ3NGf8G3S4AYQKT6TY6JQOP7j4cU=","gj+ImR1naqwevWypkw/GsjjGC7WCK2HlJXTVVcgWfUI=","Vws0myyzb5M88Y3JRgvT0PgOTcpRolEGUx4JYsj42UE=","63Dw0i5f9F99qQdrUV3kRNB3FoXZc3+gSpNO19lbUiM=","tJ2cZMOqWAZ0jfyj8O702AVIEAnsf9o7aEoUwzsNYwo=","lLclfbCgAnMAal6lkAA0D2RykfsWkUkXblAS6G8NbfI=","idlW8ZxnZHfQ6i6CsywZ4y+UpFgKcZZYn7FHWfmn4EE=","VxJQ2QPxeJ2ui0VyDEY9OpFl1udCNiG8LFqsHlzflRA=","ntyNQMuNxd/oBpvLT5BrHplGQWQHDvtZ2duBAlm43Mk=","4I6p1fVtyVoxBzO5q+uz0w0qrdMBvb4VhQvwtukakWo=","Ibymk8lDF5kx8PtVTxDXTjabN9oCb4ZyLmIa3FULxp0=","16XjRmm2ouTdpP46A428REW+AIclYtxWHE2YOBj/Y/I=","/LiFmlHR06SjRfOIeE4+IszMWcIGcL87z3iGT385G/Q=","uflB5+Sfif7N5B5jp6W5uccSXX9LLB3Edlim6tsCxtg=","dfaYhEtlQPx8zn+MPYz1QcRUIGBa8kShuoY27mFXkXc=","Gt6xbfMRnbsD498qwHOO3a/v1T8EqWXC0/pAN+gvlzM=","mMqF6ySy7MSFkQ4EqQfH59+2HDdMKbNbUG57OiSXkaY=","m9PRlTFoyNX5P8UrY7OU8hYFw/sv4C2RbMC5ojo5LEc=","tHJ/2RLEc389THMnDZrrvudj0BCleSMJr7yEa8yqefI=","i0Lf0wjzToEjs1T4nVwRSX+GyscwBlPS8KX27WY0aMg=","nnMXVV14naAf9/HxoWnsKZyo4KIwKkLHYeD/QHgFgR8=","BZGntySB1r6/gUo20UC1MefjU31rKmfPR1tQSNhTjJw=","IQ87hh9eVOounNxuNcj9J4pLQTa2E0gdz7pFnknFbXQ=","M47r3S2FFIhZsz7iXF9GBzV2lXX8Tdb+EWgfcZfkNEo=","irHDXdTIGjRRlaeGWnEXYlm4+NVOAqkraVBUl1Vlfts=","rIVY2aKQmEE1tPsF5nySFhCU7LK+iLb6fHAviZYAdss=","vYvhmAXe9KMjXl9r2AZyhEeUdOOsG6eYqqfKrvkFs+A=","l1WI+/99XpUdWPL4kqWbUbMMGCLq4LuC28cxgUepQkI=","nnoC6pNYZHwgV6yINTOG52vKRlwFKv9saBkVorWl1aw=","gMKdN5ispHLn718dxiRawJ+mpfQPh0rlERJePV3UcI0=","aHc/n40z3/jsxpqUruSEDVFjH4gTVUrTPsLbnWGJR7I=","KqjY2pfvTztBiSLzGzjOCgWw4LAbDryhv2lPVbH2PEI=","amfpJaHXWGi03HlnSXuhqaCAD/vGTqkboIjWRVA7d7U=","cW4Xk+Hw58jaXwXZLlyDvMW4Bjt54E9iMV32tTMRBHM=","plE73eFko97DQDq7x5AXbje7IkwFpWUdcD9nrAvcadQ=","aYjaR8VCSna6fwQZ+I69wnJ2/+nB6Oj9oIkepLURJ/w=","1h5hEX50UmtF/jhX4mhQxMVpYBKPEoq/9qBkLBeQsLs=","wYVgxWimDEVaCDLRUe/yFZN2k5yfc1bpTfZsqE3oePw=","hEalCmtJf8+noI08lbfr6yN2TLL5ZToqAOd9ObN57Cg=","PBoJjil7lGOoaUeBSfrVMkIcuHCawA9ILOywVcnfmjw=","liJnMzMnd+avD3TgsYurTQaL80qP3dYzdsIJGLQBVBI=","4dH7568+YdhBOxvX4OQL+jzfboqdBDL2ZRsTC3Oj+lI=","2+3wjCdjWuq3fLs5jf4KjGikZwSbfDdTfYg68nMOuqI=","M+EZwHXZVaV+pq1ss1E7JMohtKjJvUq/L2rY6wfvUnQ=","hilRaYx9+QRkpXCHv0q4jZYYTJsbFjXoOIkN/wzn46s=","46r/flBjtELb6zlGrrXo+6oAVqgq87onSIUa99GxxUQ=","j67w0Bfsok6YedYbDrgbp9exeNH/vk1+nfUYAo89cac=","tCR5oYQcaQaVN2+F8wmr9v3mdz8VVlPOH6tl/0lQloU=","Iuyny/i9wTtmuOFqb/t4GBx+Jhui42Yg57EeqgFrUGc=","4Qzr1/vTZtJzwk7/OOio7+lU/B5wAYhKWJL9b/ayLlg=","Gsf4W8ctKH6l1ygucNrNxi77mxjahExi9dogGuNfMOQ=","DIzfAYaSEut8+nh9Q0CLWUbja7rVKC1XEF3k5dL3Pqg=","6ZO5H/cevT5A6T1RsR9THsOd1TsV7fWVEPKTKc0CmLI=","gB5fbBpBq7Ur+1UAtzx+s78N/YGuHrb+UeL+L6fo24w=","Nkz7fuCrjRv2rQ8D/mc1gtWMFsiQ624GTcOg1ccuKLQ=","8ypTpTpwcSrxAAGJ/inPRXvLCjfyKVVaXeUyRYv0P/k=","53JkHukPzAyhgTKo0U7bXVOzOtLpVKq6S3ir3ZG9xo0=","41j7ec6w4RjF9B2zKBDotj8gWH5R2fdj6RBuvnusTCI=","c2sOCVcaBGJm7bMi2EkIUW0EFxGIVdXyTauDyJ+2bac=","w9Ruh9UmEpa1w5UBiIHDG8VdnD5V/e8PgZOwhiUYNEk=","57E2Yh5ZH1U7QNNsyN6a1KehEg/KdnpxC+u2+5Y5Y6I=","2e34Oxj6jzvr2QJKZ3CjPN3/jeuKNVJdy94U3sitkoY=","G3ZhBqAXSuTDy8yrMmYVEG+iJvYoH+TLrxkM3damed0=","3XE/ozZ3TxFvkD7XnISy2vhiqngwyjyC+5B64gBQCeI=","lrqypm9mYmBljsbkrFeYp9EkufXLn648BFhGwaRenQU=","tuXbelATfooklyndNSWbfwqRIA5OiMjWp3fVV0CrwFY=","LKLJ1R7XcaQmsIWraXHYP2xchFMDf3Cxe4E/FYWn1yA=","YdwD2z/05Qa/cNYmW5D28xDo996WBMWwMTbHK2vyiIQ=","LDCmHvYKsAuPAu+OG7BxRQEF0INjyyhi+Am4FeJdZsU=","OEiNtIY2nxpy0JZJ/aaSFw4egWYfH5wyJFn9EGlu7uw=","KeA2VrG00NrAlSpyaBChXhJug0olLdh6Ox6Sg34XG1U=","qWAHDgNSiYAEORFnB097Swj4ux1iGTFebj++wV7LO8w=","bMDrNQUwgA8gIkX9Yuf8u4sqwxGXKjfV49cjTgwLBmQ=","1TK43Akd9JGnbDojhtHH9+YMuHw0habWAW/UjT7fX00=","XCSV690FgCTfpovDznLOS2UcyJsP9DgNFC71P3RUN+s=","00Y5giHIYx5C4gHQXKuJdS2NnNF+8lGmgPHRxudYUDA=","6oUba0vY+Waf3J2fAAW2Gl/cEsbLou4qhXrs0/GqbjA=","xBqMa7foHXdW3mf3VD0joa8pSnIUIMnAOIQ3BPSFiRk=","voRqHWUMpFI+naETnRS1ybtyE3tjBKk8RKUwsvUaibU=","lBqgYvsD77zP0ObC5YZ/Okb4RKsD+zdaPgmSxX0D9XY=","C20gdfIZ0VqjGDgpWoCpYFtMk47YlZDv8fuwSRNUQ7c=","ESrkcSzkZzjyPFTUxMlWpTQmOqRv2N57NWe7glHg7es=","0Af7+CkmKySSn982Aqkim0j/OhdbZo8y3UOEdQci4kw=","QYEda1KXChmWKdvZlLThV43K/6FhjlMgwv4mbylvPjI=","H0Tlvro8m5Sd3UMvEMPq1/iytIaDyX3jDVYUwfyW/20=","llFw8SDxRq+Crgb735s+q97LYrXtCDlW2wbbmQ4YMEo=","RQuWVslY7SXQgWAZvmkxLjD28EG7sZ0pxO6dZseFGLY=","NpqpfFji/6Pv3pQ6yFfThzAiP2XLQVG1kXZqYBEVCQA=","mYXKfE2WCEFWMCL/B02w9pLNoZEb06dVMqLEBRgwLxM=","Plh23PNTS17tgNWaDs7NSwl2vMwa8QOdpOXt2rGxC14=","Xf0GKLRhpq4oTftQNqFuVywGxTDg2TJY8ocOpf0HRPY=","FpvvdiQoBYk/PV+M8c62y1o+7bx6QS5yZaLUrFxq0nQ=","Gk05FKpRCIIXG6e0qhfcT7NGmksE0eVYPg1EHV/eCWU=","nPvduuAE8fgR5vHSJqgGmpo6NsasmvkdKPC5WB5xh3k=","y7g545qhTvmbfhrJWuVbFXM49kqptn7P7NvbskRxoUk=","YPN4VeVW7917U/klefV2NHsQYxLp7AgvxYlbdeKNhbw=","oFLjhdsP6pyKO0alqe/xPvgJWlMhI/hKngH7rbmTm6w=","11ZC+6ED2NzDsPYOxPWHtZIXelerNAq8sgXlbGv+gd8=","5esNOuFclQc6GkF9EntqThixIswVYGuX3uRmIeS25m8=","GxzPtoTsFBvMPljdNGxbp28Hw8R8nNZ5qluQuh9W5+4=","CqY9AIc9JrCN6AVXgCIwtV/nwXzqmMjQIZWV5rWKIhs=","mtIka4rZoAw43lMfO0t1d+23bhWGKUWAb/Z25q7/P0E=","0ZGl7yj2khjFbTaJxzF31jiSOt3pjUtP0c1kLrEYNVQ=","Uzwpx2Aek2+6VdmfnHOwWH+oZ+qw6c6iEvTpTCmr0OY=","6/GzqWcxZx5VAcYv8o3mYwSbVVW8F4LebFuk9Ax28kY=","nTvXN4RmE5KFbLnmORZeSTun2X4UIYlf1YARG7O+4js=","UaJvq07ceUiZMN5IOWpXzXT+jBUQBYt/GOZvRK3Dj6Y=","wNtnkXk4icwEI5qktQAW+tRut/Q4PvMAyyIhRrgfQes=","fl2YB1UGV71nWxSxyVgdlBsT8DX4nqZBn7TlpMq61n4=","YF+pIA4uSf3pFxj7x1i9PojERLCjLkZcSs/L69EmfZA=","N+EFu0rqw5wm05JqY86iEyvNTR1oa0/t1zrteFxu2ng=","IcoVuUEObmYDfKD74q0frao5bFEwHB00/cqty690A0Y=","daCPRLbPfARusPX0uB9xhRnLazLfOv35prBxOvMIKOQ=","MFB83vrChDERdZo4So7knhm2pnTzlvLjFCiYILYaGcs=","zBa/DOWmVjUmCf179GVxSNbkshFDcblEv8lIRI1T4cI=","+ythKSTNn9CEV5p2Q/4spt3d6lLY9DiEi6CiLMt3Azg=","DYMTxyd8+UqOyzB9ChQ9tCo3DXhqC8zsJ1egQFNSAXQ=","QKZgUDj/plZLhgUmPJh13usXPl5eKFjEevTiYXFYx+s=","qGxOAF/kyxdLp4XH29oh3xMVZoDUM1O1YBoxKgVXiIw=","03DRsIUyXyEoj+QJt0VFvAPxPnDybgTYPsjTmq9pcNg=","aQmyX1MfeQGmMtRRADKKAAXKecfhGRnokdgYVEUu4LY=","p8dM6yxK2zo9qlQupHEaJWwaLK90sVKFyeANzr9r9BM=","Xg1nuxRgMIoE8/paJpiHw05wcIr6CiFqNpkbx4dQQOc=","x2PvsKQCxiOoNSw25fetn5pF54sF3IzEMsD1LPUdfQw=","M0R7qBCSyW+aMqlEOnd7TNA0mQ+Nq//jGgPhIUh006Y=","Jwr6l7x2l0cokzLU6x4U6Tfb5b9SNpN79NsNMPzGEo8=","sNJ68WuHfIP6EO8UJz+jzPsW3xnLgSA0eJ0Afp0soj8=","2Ued9GtzZ7T1uZEEo1PAcCQ7ITYs0F5F6Yt+/6cpWS0=","f841H7S1vMmwcZKZ5LbsU9pAmIdlD9przhFVe8KXrhs=","UxLM7k356qlfD/YiRZqAXXMjH3Ms5VyKtz2JG4sGFiI=","KlySCtAECIw89rZaSYwETgWMVB97znVZbTwleB/tvXk=","1ATiE8WlSBW8med54LlvYQHwSS3NV/IjvmvLcQYN4Es=","s5voRxh/97Uz7s1nhkKmbUtprG60FPmfgMPGQ7Y33xU=","7njepjLm/W9S3RSsNs/h+2Pi3jmcL48h4ykWCxELXDY=","PN14GTKyhHgZFRlrDGF5DVvjl69qk/DBkwTCnmFhYEI=","haC9sNrLAQYI6PtuK8o8vLvSLW4EBuAuqLkV4osrZVc=","uXaefpuX8ofeXWXE1lIKDTbPMdP9LCL2YmgIv0vnXj0=","TE+DFNwdcxvzjlPCsN55N3V0guFtUfdZ6hheiZ0om7k=","+Qrwe08M7tV/UNa0NEMzR1+sw58FjNt+6NyI3ZxEax0=","a3GSlmZZSjF5LP5Wy3dNsl4jq4VawZjAPuNSWiMBuQc=","STyg99MRZcgjuvLi6h5/MD98OAnjbCyDyZBKLmRDVVo=","FSy84cVciU88WvMBrvFbp+Se/yKHcj0iivxqJ0Cy4Xw=","6eE4YrzYFHFWk3vKVckX7vZbZIoNVmVR9UAic006NdY=","D0jutt1lIeodHPkoETEbNkmIuiwkd1T4+ThI/a/8yIQ=","Q4au3jNMsFuk8jAn9t+zQhW0TBw/FCubQDl5ak5VM08=","cPlordKuSAyJNtl3YihZRPeHDMp/P350zkFZiNWuo84=","ijb+bXpi6sP7MG8XtsjyZ1cml5ZLt9g7Tkx5Cb7GaEI=","J4bzf43sirahYaCp0qlv6MOOxXtoEPwdXGRXlOzQuOk=","c3NvPIoR5s/O25mP19M0CqTXfDlZIY+M1y10RAUB7po=","n2VyLu3aGmKk68ElgV/FU7jvvWJSH4EtFa3L+lEzvvQ=","VvsqFQBZzdWawaJBHMNLoZblNY0C0Sy5dUg2xRDnLiQ=","gRHWFY5JYaXQXYRctCDq3MLhvSjvfHfyCzYYnwLT3YI=","YxyJIFPGaH2QZ4IWZH4/pQYSFsZYP+X+EEA3T1T2eTI=","Ml7EjnTNJP1J7ET+S7ijOGNLSP9Ihjjgp3fWsBnJZ+w=","LYKFhgminmksR3n4/1elqxZwnwpgmDAsW3bzloNL7Rw=","gNpE8L6hb7XhJfuj0lYXStrJQQRv937f+affNUotQd4=","x2Yl54C+lMrTxb0OofdVHerU7njc80hwafTEMocAk78=","r6TypVVzlAal+rZ9qHmNVgcNChQLZAbexEsd/4/lepQ=","pjqEW1l7KoNV67uDS0ztqpWp3tEAy0eRHt5VKBUyaHA=","nhwcgluv+NJ5l3vn1hbIStMwQhlSpndgymGDa9a8geI=","YCcjO2XX9eSlHlpoX1vz+w9GlOhIA4b1e/AjC/HmsuM=","1LFGvcnXlMKbUKF2F1isRmJ3WzotuW4mqmvsX1oREic=","dF5zE6QUZleyDJ6vaDb+ZzdEQaCvHohubkqVuIIW4iM=","hKZUrpBAy4QFpq5QrsRMe3Ms7XSV/Jls4r3xBI4+mac=","tnektqvDAJckpbLMBfeD58EZzPetnOGblfy5Q9r3NT4=","WvXkSE0XnOdPdQ6koEpMMfjwaz11L6cBAaXptVxGFvs=","mIsSx0exxsmObzmC32/9AE6ojQclsGhjSxdDhcNwhZQ=","OvOG0MAlYCnTJ+9sk0K8noeGCXlZIGanDfBd8eUEya4=","p105rWkrJg1kwBv5WNgBKV3H6LRp/MH/oOvvue5aXsA=","Bi09CtVf+jU6LTmxfeXCEg02nr30D1LvMTK/EcZ+ZlQ=","WT5toT/+aZdyaw3RPNsbeydgynTTi/RiqVLtS9a5C3k=","9bzAJ68wVfYDbKlZGlyrO5mdtbOfOWFWnrqZyFSqpeM=","vOUAKRBs11Um+wPpBeJlohCu+9zLUPS0fGnRkaJmrMM=","w55DRfLqP7dfMcRMjlO1MpO0ty7rTiK2CU6xBM2jjh0=","M94nfM6hH76Wh4UCxO1TmrkbmZtubH0D7luVD1fIWPM=","7gihyisofBXn+9IF3Ypw0CYOy3lkbV3AkAC7TE4iUgk=","qwP0QJ0oxat2hzFE8UvRWvs+jgvtp/XFeX4lt0HEP48=","N7DpjCvEWjc7pu4DVaFkiu0jCkwYG6K5sT9tFqlyTk4=","vRaF3/KFiWU9H4s+DqGW8ihwkrr9ZahNVvbnDcYyw4o=","mZPq8Sleo1+7cZEQtJrK5R04L3kdvwzFDoAk3rbc+zg=","oRL7hDV8F/7gkYQeidWONrCpJQWRnAojLstxDmp8qM8=","+3eJzgODPyd5wBoW4xyGIYzw5lA1gkfA3ka3qKnmKZ0=","TKLy0pGfMK0PTO3v5mSQYQFq7JKPfYfO3X//BXBLvbg=","bmoTws/34vvh6PMP91BAaB/yEepJQrQ7NtlXyvPDnMM=","IMXxzCnfNTitbKmaZoSfs1JNpXPVRKY4R22eJlQwbjY=","Gta6ULrQnYh31vdRVfhzn+hAKQraW6vjyrapUhCmFJQ=","w7+AQRXnwcs5IPit1SVPeDIeYlsoHl/TkfgcD/vhdj4=","BynLjjgNaHcYM8aZPNMMFb8dmNgTyzOFomBxqN9MjwQ=","RbOCaeEmVNF5VAoWD4Lt/RkrNOlDXlr4wRwdRe0sYj0=","/zwyPjQTbnJ798B79XzmEjfDpmkTDpHNrJr2fmKZnzk=","HQSDku0p9OPWu/PX/YDQBltNL+aJvZ31DKlTA5fzhig=","K16wPMtOfybYgu2rsUgatEKATji1O5Iwfh3p7YFMDks=","6qZKU3DKfu24Rrw31PkGakxnAgpWazZ77LcMcIWvZrQ=","aHfBvJ5nIXrNeVCeVQcDPzE/D6yADVTCXqjYncGWWg4=","te03E62DsPbVgJhywmIT9QcLfsezGjwd2jMeFofUCv4=","J4L6rBduQhg1pFpjxA4qlEwULAGKtt6KmrqXf3SbTaI=","kqmF/GWCb0C/fsjFj6nc9RYdqpgeM5P/kZbVeASimPg=","NBUIlQsnk0BQCx6JzsiJ5Y0ne4bTp0oueeVwLWG1AbU=","V8o2UnxYkR9VDTgeKMftqOtYpdFERATmGHXpOssBpHk=","2Hx2r/V9N2xyiZ2EPWzYZBxNGnFwMB77wgXuLsOzV9g=","ZUsNaGrPwVRXDrXJMzszfkQAwgIePWq2Tqs2QUtSXCM=","tmIIpTCe7UKIYqTKnthU8BFhZ1aYJnoMe94mJ8Tso9E=","jrn9Lp+7A+uYaQb+vJqij8wVj0znoOPbmbwiODg7VIY=","P4UoN5I9q+et5DgPpQxnsVMuH3NekkJjGTKFUYij0DQ=","DHCkTdoAKUTqfh9HUqF2CatI5WHAdOEHXCQG8hXlNVo=","ztaWfwOwa2wVgfITVR9ANTxkqvozqQXOZL9zTjWp6e4=","sqkmN+yC18C3kMikhDltPqlJD5EEjMDl6RwtLCO++qk=","AcPxkZirh1AVg5Qknfm6J8bWUoSGyBKpPYNTx7yRmdQ=","R4lQ6ldO8YZPG6eI51Q1OPAGS/iXPjqCbPY6bFjSEcE=","hBzGMhs/ogY4ie88iQvpi/13tN6jzE/7i9+4XI3Kocs=","M26MtaH52VTKJjM+yFC32owXEh7eqsip5A9MCNYPZwU=","dVMYw3oSW69aetHbQVa0qSrK6bumGeh8gqi/fA9fI4g=","LpXHqs+lnKm2itMGKskM6OnuqINwR5NiOQzGdz9q0Rs=","E+J/PH7uLBEQDX5VPw0ecaL+e3FfpPr4TRqoNqvkjhk=","KXeIb/18OaOG58ktpRlTxUOTY5oWaT+dQmyggkA7LWM=","+ejqcPKO7x9mLjqaBfXJhdUpKevH/S8fQrNew1lLVN8=","2jg8I9IyFksk8nvtz/IUEP/8MCD2Z10EDaWN1DrImSk=","9y/zMq/1D7FTMFk0P0sngNmUkO10KShDDKIWqvZ3FZU=","zA3T9VPh5oiJ/rlyMiNHeo0Ud08pKw/908swMa9xt/k=","ZQ45ue2ZDz7LVCvpwFHTygDkrSNulIbFOC7rdi6Mqws=","UFo4+5Xohhnuf6wUnjzMhhb6tTCxW/gP+CjOhFFqaHw=","/JfCiG3n211w/jqRVZ1Aee44xEVANJqPyIq9KSSTVS0=","O0t2/9Q4XRWjCSVaDC8aPv4WYBathg1ubz3ggmFvh9o=","MFwVR85M10Q3YEbpSTF8gBygWjjSB1xH6rbgJnk2Ek0=","7ky4+QVQbDGPXGg9Y4wIl8oaeErXQeuhTEX60NAkHpA=","5vAagDg/SMTjnPi3N3FZvlxlFhpSA3KLpMNKTdKLKA8=","54dxdlgCsXTGkPk2AS5ry2f69ziM7nIcqNmJciCQibk=","Uhfmj2ILofRMIOCuTIpsB5aOxTNHioVPYEPkLAVCedE=","pdgj6JK/rZRbv1cDWPZsS/g7y/XX/fz+rCJ2zssN+Ew=","hO+VTiv0kacQwYwkRY4S0vF6qmS+C7eULcOg8RhM5Gs=","gxmlQ/gj50oeKycPubC7o5QzzWrQsPIjgXbsF2lU+e4=","ZGEkDOYrvR+QLGiLLEE/3LCemKcDueMyknQgDKEQGTI=","Ex8u9zA1Asr8NKSL3J5rVbRuGRID1xCCp/qn6UEzkmg=","D4kX+606Z1FRbz0UdMfrmY+tYjhpGa5mu5xBghKvNKI=","qhQwKGmgPdOvdApeoEagyV6ZRhmfhyjqezoZs4TxpRg=","caRk0EA6k0w6Vztm9wlCVGbb9jYP8U7pMBj6GBpilUQ=","7aEhcLK6oqom8GNUz5xh+w2hHvxZwQfMjtZZjH4SP3c=","ziEKA4o7OEiG43y4r8v8srH7jEM3ApyHxII855jHE9s=","oH/l5RgbvDz40iJH4mSqopfCOsIWSd8ig/4LCPq8+Yk=","72CyizHPmTZ1BDYU9wWt0rrAjAK59gx0XKDKXUWkdMw=","6APBQ1Cbbv6FbpzOAfYc3qCzf8a9cv2fGusRhkdJJpE=","+VDvT8PFAmZdGvf47GnqFaYe99DOWw4Ke6V6CR8tn+w=","5VD0IBPoJyZZNcWV9BhDGDnz//60h11bSAls3PEjYOI=","vTfdiPq/126YRW4vYPh9V8ionat1L4KkFOp3/xDnK0s=","8ncZIvjkc7s98ExDGVfLgXrDEfhQkKgfrH2qyvGbqHI=","SwK35ZvBQYLKiUMKzau8bfMhycVi+Jq36dtVxzrXQ+0=","JA2sPRkBSxvIJ8edDFowPCk1+Lo+5MW9xgumVpB6WI8=","lFEtwTS7AZiG6DlSZfBFb4K0vVefChWafPeAIqmS9SA=","2mtzRyGXclR3YeQI+7t+IBAYWw73q1xl5gwQtwHeKs4=","2BcwWb5hsqR67B6Wet33YH+FCUqZvrHMDx85LJSBtCM=","9ZE6C3mDtUd35PeOERAPwukhi6qPJaQ9eNaJbO0M+hI=","VVxQMKiJ4Fg11hFYbVRlWh81LDEDGJX916Tg7cS/w1c=","AHTeHI4h5cmkmoo7ev0sCDbiC9TIyd3XkHEu6wcJu5A=","nDEpUMQYS6fo9RzMDiWZZH9IEIv6j9AibHNvGIxlkD8=","psaIhxqP4qE6PuVYjmLL9Z7js3WCLuRm2ahSil2/KfU=","LvWqYkDgYWpc9OhcJRGLZaeXKns+psi5w76D22Ppc3o=","JA9kJEYJ1JnyveKo4swSZNycM/Gr0Mohwz08Aksj5Z0=","8qEl/GcPpvBjQtd4ir4rgBTpaJG/YBFLNwF20WU9nKQ=","xKUe625ZHDpFBKe0Or1R2JGacBah5ZExEf3uvF3SJSM=","AnP5Ith+FDelQGTWpycCbJv9byUOpM/5bdwRrGsvAnM=","bhIVM+49v83dbhX9BO+BIObQDd+s8wVKspdTB36ehj8=","GMYXR23hT1O3dYmDHbJmJmXXmqnNptRBY2gWKlemHQg=","EHld5i3v3leYgEnggK6yGknjl/XVr4mkOLJlP8AJgxg=","Idm4DD2ohwWOfj5fqlTlFIyyFguGNsH2vPCcACpgTLM=","txIcBHls813BEQ7Bb8P6LsqxnR0CALzIWioJO+aQLwA=","UubwrgrMX8D3eo2eEBYAl1PK1xl+KEs3lFnQADFBiCs=","jnROl4yTM+CmAeuKodZoq6wjTggwlSlrOmj4pPEMGrc=","RjOroaE3DqMG8JzVXEtnHvaQ1kRdE9KsLWByGjHSpqs=","ah69fuRoVYU/yujrxLA4vdrJhuD4BGBkTkrfK/n40vs=","Z5Spg8FxWjslZ4STe+Q/P29WpKesFC0EYySS+o7TE4I=","4nNEfWPGV7qdsWcAWw4jDifLMVIbOfBWgfacqLpTbos=","MyXSD7nvBox0wAnerGMYYqJMgFliLHwOIMSvaH+uM5c=","M7mJi+hk6uW2BDgdWA+yEsKGqiRSQUx+a0W/mmViUB0=","gFJyl8DFS6Jk+4in/zB5HhjZVdwoPhSHtpuCPJ1rn38=","JvaaM96RB0F8MzDPY7XAZ6Nj9VWtlcWQB8RntnbHTPA=","scSnUhLOCy+Jp4WxXmx58RM4aBVD9KeSTZGn9YcWybo=","/wjJH0TA0qmUNE3FT0Y6ZedBY7XUzGjNnSaXP4rxZ+k=","4K1acTnnwiWqPgxKz3E1a515+bdHUFiY1r/5gNUPcck=","g8Ulhjxi1JOA5AM3TjDt7JesRBUpAixWorSLj2JwnLs=","bROIBOsABHZXziUD407sggTIpANZAJs58xhokdciK1E=","zT9u2IGXGNyzcSJl/G1q0fH1Z3j2shw8UsWLX/8IAUg=","hq9VS+S71TKmHRAaIK+JCohAbKrIndCyhdTvURzNiCI=","577ZJVv/DiX8Gho3BGlTRKsynACkGOz7eXbwBd4R+HM=","c1r1Vvm24j+AbUvlM08hgwV78tXzT5hIoqj+NVdNJQE=","A7CFvJGWBaTkH8Dvc+tKcTJJ7UycSnTKGIg/1pE290g=","jKsGVCSPaqfstZFxHM9Xk3IZVStQtDs2mPyEoCoPzpg=","EnQlfK+Jjc0J9mlq2+uroVoaQez2Ca6S1rHh/I+BP0U=","/5NFwFQts/Zxluc4u7BnPayParmMRebYqA7mG7HpgVY=","R95spmXm0zxbVT5JzBfTrrcUgpvsIqDUNKF1OUqixGs=","TPknKAEE8b+mU6QZwXXTo5sqzN9M5bbskKktELNq/0k=","7qpryauBNLa9UDaBmLQiGQgo3VMFRX41ewQOTtwg6dU=","h1KfuSuFaI1GpiFvCG6xm05saV7TfeVNxOhKxj3Yuik=","zYeRB8Uf2HFRFU72k617GWEENGHOqEeulMxy/gpPg0A=","f5Ilxsec6Ox7HAl3kWKJBKYMDCRnXy/p1YRXto+wqDA=","wWut58EX+u2dvAXURVy9XUfjaE4AD/syMwHgqzDrtB4=","mgoEvtNaUw7uq0KE6JjlvgVexthWaKRjQ+UqqMrjqeQ=","X3GNRYjLFNefWVBF4I0p+x5JOXfxZEgyhMib14C4/uo=","+0Pg2AGN2yeyQgjFpSeqU1tcW0Xc/Wt3VeIF2UNXTKc=","DDRUHeF6KKZnUuQbwuFRPTIZWVH8tKuwIExKtsKwpzY=","8Cl0XUnGkaUx0/Ek85mXJgEEyc46zDD+ST3v8wrz49A=","2z/bhzntIDING/4+0fDwSGKz3OyJifEqkNvCXVed5SY=","a9x/WEbNsbKRcNj3NgCz+BEdnMIBbEvuBuuh6ciOT3w=","2RYWxMrRM0QSbtIJwledIDvNsMvv08zJXKwLasrYzjc=","rAApszu5pjcxiN/SIPGDU/qq5bOCKD1nLcHChvZAhxA=","9lOpglA76P/8qMGCkbbY08gEeBBltSzIZu8lsqFaRdw=","i/dc6tvcAhuY2Dkt8U6tFULFvkjsXcB9RQtbYgzR5/U=","bOQAyN80pLo/5JqhNbKmbUg54CTtLPb6hTurZm5xcsw=","VNDJlB84wv2p55ZfyKv3lb6cRyCEgjEuVCUjKbYjR9Y=","j6zcr4aETJWtMOJ/ol+8wucWEKfMCeSqfLd8Q3jnrzQ=","fqejtryE3f7tEFWEUO/plzORpbpyi9rLSybCpO4eMQY=","3M79NGA6g7cIa2glvRpSA/00FTsj4PCIcGNDeMlXZXk=","pE9lZrPJxHXmDJsYJz/eu+NYtr4F6uTIEFCR3qE1plo=","x1dJJqRkDWw0n52aoB3eCBCVxf0Upm3E8RdcVjq3ybQ=","5rZy+g5Vc13CR1q4RjpXAxT8hI0AWqcREYk/w6r40OA=","o0Sto2tPyHOtHG4qbBrco2nfnYTb+2Z94YqwwUkOV4Q=","OMCh3h8YcVFOEcWszopeH3KGCydCM+vuw4pygx6ztto=","0nQBes3MEzOEXFC9HSLJ/QO1EMQbQdJqGXvCs0s1kA0=","Rr5TULxLTOYAx7VzjKKTrZB8mK4Mf3uzJvEtCfGTY9U=","tRwBa2PXVkmnwicm7vbRE+OcDS4nlfvurvyTSfh0iaI=","GKfhEL7Q9pqj2E5ubpT7CHXijpTRfTrNfY0AE+OsLfg=","y7eVlM+wOL13PrGTfBIPuve536N646sU+Qa3/tXgUCw=","PwypbTHzgiG3X+1B+G5GGpxuW2FwxdeAeINr+kLGmZk=","1vaen83w8tfCNpQeCTswgt4g33FUvOVou05zlWWm3jc=","WSMteLs4gQzLSC9RNd7yl9oz80yf1dpzKHKCvrZ63xY=","72TbTUJRjb/JpJs3rIikJI3okzwhL+KcVoKAjRms674=","ogG59XYuBG3bWAArbBIKNY3N/RPpt2liV88teFY/5H4=","7jQ/9koZhAzpFnQhpBYLTYK0YzzOIRcDxiDVcbcb0oc=","QgCrhCD0/tZnMERyzYg0Yr+yWTROCmF74jHL9CuJ1hA=","uAx0pF6McgbbSIonD6h9+3vwgsDrxL1Nf8bCRp+l1Bg=","PcLWnMXbQWc22c478bagtKdJK/Slm1g3Bdi8mZGOv7A=","OioYVbfeKQHu32jvlI7fcmJ+BVX2/05feluVH1DCUMM=","lE9RWj8YIkbTJWGomdPxjnsl7cUm5QkI4Q7MDae9MU4=","geaCCarZbjMihrNPmNq43F2TACrrnarG3m/SSv/lLdA=","CTs6C0gQdYbTZnNrtqlD9i7kaf7zFllIUYQs3jCRf2A=","7is5rAt207JKpyZOD1eTgfdNYbdYtWuOT7HRT3TNvA4=","kXuQqse3hu/J4FXkwSD8tZz2ZKjaBhpjMDu/XBCtnMs=","PhiN0jOl9cPFhqtFipujBY1hjwwEIZ+e9gpw9LD2+co=","z6J1A6Pg9/agJnuP+T80A7+OfoRku/T0TWDlEZOGc14=","zvhfe8YhUGI36qEIsflslC8U8VtvJpMf5VFt7+MmRvQ=","sQHBfI1CE9GRyfdgynwEQ4qqhEqUhazkN4Qob0IU+Z8=","ZS2fGJmj0DPz+/7sCujQdLwRF5p1jeCt+OWLrBMvNSM=","++XR5KN+3UeEiyBVVRlJVMqE6pm/NlAtK+WmtL+IdB0=","4mhkGn5VWuuhC6NKzJHajCqVnWXIf4oaWFkGltkmuHo=","pWJesCYgv1KgR0EQJJvDgoSH+l7v1OaZrvvMNb5cFWQ=","Te+2WvPjR747MhTOe8v6dhLpB2C8amIX/G3opaKKggU=","lr97yPMq9VyFa9yAtzirp4HV5shoBZlnnzsQDhOR7V0=","Lx+qtob3kBajNPe0vkmIeh6uZK+3Zf60TBO8rP1Y7cM=","N61lljYdO+nMZTG9H9LjlcUQ9gVP3WNkuWjKhkMfGuI=","KSy/UGUK26tsRVSCWt/SZXQKYuTkSN/mOHY2TasdbTU=","YozSwuBgAbA9IycRHvT4exQ2+jCLORfcSRpTlkmvXDQ=","hKJzqIdSsk5nbIBd2DhmhzU4QRzZ2ObVgEsUb08qAPA=","qdpFxn5X92PvVy5ZrDvbmpVfG20I1ZcvdRtg/fSxzCM=","2Pi+/TjK7/amiIZQkAwtGnZnZmmW8dzXxqubjVC0pL4=","+59QGO7yHsmS8ag47XfWpqS/TaJBJrJlG/rip22Z04A=","2a/oBulrGvSt/gI8nk1PMr1+Bu/ybzqcDRWVPUQfsx8=","N8Pep4N2IfW0HhefFsArv9e7iqA6UWCXEH3NR/aCda4=","tkrrYSWGnfGD3iC5IfDrcZ2zZ2pjFPXnxQfaEQDcPMY=","O20Yy6FYFWPPbyYGGvyNNziPVCHqd+hL4m+E0K014wk=","4k+7+KtvpF/Ulo5Q/+Pyi+lJ85h7J0cPLeS4ykzHdlo=","gv4c/W01fELafvR4NJjuc2iTfEUZx4bd4r145sM0tnc=","hoFfWoknYB++ytYGhatJnNGKeivDW1YXx47hs76bnhs=","sIGq0gEt07a0+SS8NrMm2Pe+9fE8ogtVSjLlDFiJAb0=","Zjqc1RJB3rB0rOvFjC/FZIPp8Y1STNINLrUcWxRIXCY=","5fbx/zx/QU/HwKVkd8RJgTbWwnqalcb3EkJl0Gu2kas=","94qGgyJ4piRQoXjyUtqLya3p7kutFp6x0G8d49bf800="],"block_size":4096,"path":"js/content.js"},{"block_hashes":["CEVPw2i94L+SHCX7oEjMz2kWCbbyypDuzTBn5/r2ARs=","Q4qZTrktVJpDEx/I02ZNOE0nqD15eV0OYuNaFY2GHb4=","tHsjGZ6MtaWnNsJaV2FsTbdXSisLBJn6iVadWVmHmjQ=","sb3DRKoPZW8CAvE7hBfcorcSytmRQRJG7UoBu1F3Sss=","n3KlBu6DHmwlNULycjFGFmZIHCsfYbRzucMs18kORH0="],"block_size":4096,"path":"js/devices.js"},{"block_hashes":["NCI5+2x01ArEtt64JyKzODlnnXoaztRsMRboJSon3fw="],"block_size":4096,"path":"js/install.js"},{"block_hashes":["t+qkxw8mm03G0IA2cjLy5NBQZDNI6VlSv5aw4COxxtA=","s2raEUDtyvLL0N5HuQKInnc4zm0/Tq6ueGM+8qeMWr4=","TFUvBOjdyuJuAzbb25azxQwukXjOLFl8pv1tvvoR1EA=","Cq275maCAQCBAlIemBc6S/aQSo5A4C/uCzKgTMMf4ao=","UbMI8eJnRbD4YDDJk3vSmHpopx8EPjXjEppwubl3n4s=","6/ZT+n7KsyPkQHvCz4aIdVWJfhmhYtx2N+gGW26EccU=","aNs1yGeFKVDd3U/Z690l/sWii/VlBocC5ch8Dg0KTxo=","JMx/40n+JZizJFA45VZZ0M2d37UPw+DPihmMX3YgRSI=","iSFx4SbGcG2OSM+o0ICeA2rDqlusQqSwvhp9MEEOENI=","KgWT+MSVREd1GW1SWxQe6AwD+l/KrCqhwGty9OCJArM=","YAoUy8iSDFV9xplsRiI8JNBBZFl1VkYdl3JXTy/RuKQ=","vnVSdEsRIboPeTGFMiyZp/BzLM6BgT9YZ2lktW6wuxM=","ENUemx5awnY2tLGoC9JTdrVJ+68T/zlh6TnHhOw5tjk=","RyJOxXBKcQ9BefHIbGpJiK51XDaB0f7r2mJqvDx1GxM=","Xys2o/0KPmz7vXkLxQiV/AKVXMjifCjCANd33oFXBIA=","WCZA8iqadD2SOyoEZijuOAXdn3ELmvUDIwauAxiJfCE=","mwbmYlctPmChVKj0xxCjQhs+4fgzQlndw9oN7+iY8ag=","KqZ6pl8ekiSD2V0TxtPqhkTXD85jVkzpYRHnF245zC4=","bHthdqIxny4qC7Me/PdMc0LUMmA253wWNqJOs+B7hk8=","znbebnU3hSy3I48nn4ryWW2bhru9N2An4qO5m115UtQ=","fba7dtW0GqvPZ0wpmS1n2fN1TI/voDMhZUWQrQTj+zw=","s+ogcZR26BYUrlS0j0/csLCN4vl+VRZSf2FnlckaW90="],"block_size":4096,"path":"js/jq.js"},{"block_hashes":["Ucx52o2qzZTJM4NQ47eS7auNVMfA9g3WMGh0Es7OjT8="],"block_size":4096,"path":"js/lc.js"},{"block_hashes":["HRIY/B8Y77DyFf7aKDQmbF5QOCo5sUWNCrus2jXtOXs=","fl5XZe76XIritnjw3586G2raqJ3AG408OqMqjtvx1Zk=","qP3bKOB2/UsWgnyRXfqKKoHOm11APyuSSW+NdKSym5s=","4erOHekz1goKitJDgmnphWyKFLCZORktAC1rP2zZ7ww=","Ng+gDilGtMJ1AyHKV55FRTMUU2oW9OFhMJMMJI2taw8=","OBmjzmJmpqhcpZ9TyNBaIzB/wLv7CNcJxxHDg79VFjg=","6kPIIvrpCR7pgf9ielwf+hc2tvoWVaMYNnC6J13Ocgo=","B8+Eu1J65/nJFc5G/2MrhAL1rSiAVvrQ5LRY/wmo5yc="],"block_size":4096,"path":"js/popup.js"},{"block_hashes":["or03lcPeCQJ7JbGMGGhjMPc+cmFbfm3bVxzGPU/0mwk=","1BEpC6LJZJUX7BbPXVLK9TtFeRDtZ3rjm/cJd4jNI8Q=","eZ6DdppjzxBQDSjRDMe7eYNSUcZy27B2C5XND0gKeis=","XiMp+OXjxqPWty8KYID9zWcQJ1jwc4XH/mipczsubso=","yQo6rzjhDpHLrZwJwhVdTzXZyd8skU/qTcM1MWPH2hs=","nStDWepGf6LvSOHm4xbl/90pdOCSWLWNDyTqbwd5k/U="],"block_size":4096,"path":"js/sw.js"},{"block_hashes":["sYZJK57ka8NQd6mFk+Wh770BJjZBNr04kDRxk1uvQR8="],"block_size":4096,"path":"libs/e-commerce-stream.d.ts"},{"block_hashes":["PSn0OApOprqnknBe4TYfK8PiPCauuBpnXI///Wxqz9o=","/wrVDWvefEhns1VEFB/dA7JLIb7BRh9nk3IWaQrAAsc=","Yf79BrPbzWwnU4tI76VNOoE+30VqjnEbCtzMs2AJx/w=","LSMtx/tSswCDD+xPBFLSYWDFHlPx2gZgtwp4yn4hOBU=","vLhD3b1E/8+tycjR0h7xrGqKbueGuTiU2P7ejXe2hQs=","Tgz2GwjkiMg/yaVFfYaoXv7UFxJoR4oaPqGVDPxUzaY=","+AeQc1g4fvcXKYDoaIdF2sjrxUYrhFcAQL9doK3Pb9o=","0hhjOwjDyZz3jSIbyE7bx8RzCTLsi0bA4wFCteFmtDY=","8NKLTAL5/8rbcrpDUNrkSKPSLFehbI3rtMAdxzp5bCk=","TWE/wea8nLzvrnKAoz1zJ7wOCCezBgKqrrO4kQ8i7Ig=","lwBRQEPA/0mgeHArSOSdJ2OqB9SOG6Gkjbb+LMyCLrw=","OD5AkNo96j3cd1r/1Po5fVfql/BaURsWDl4qAwZxW04=","0wPeitWQ3PZveDJpJSqojamrG53yz0jwKgPr0pBlSjI=","ceg0zRHH3TXoHbrLlOe8yaNbfqMN+vKbmMnOfeqZo90=","5dplaoBwspPx1Ap8ZbXx8M+nwib+wbjdFts1Mh2Q1Nk=","Vm8XlALsAxQmaL4OYBoH6eiUAQYPlhTnpEFhDOXo/Ls=","5TzrVQXXW33JmjmYkCue6He5v95Xpb8fjpnrKXYZNZ0=","cmJrldKbsESnpAzx9uMPZLDSBtDGtOj3N/FXUOA29eQ=","JNuMDK96qPUgLcoiALG2niZqGsgdVvi/tzG86Uk1JvE=","vp7W1rY7EuIaEvMwz3FNm4uyVuWdLutt+U05pyvGk2U=","HUsbjZ5c28cJQk6+3vZL95zmFfkp89loERgiaCNQyWE=","22F5Y+v3M+y7HbYJeci9+tDgfwdZq9A0lhsa4nWlrVs=","w2zkh+MxDDHNHXMFOyRYF/YsJ8nlXygXz1MZYMZ7Lrk=","8Bd7Wd6EfMhZhDL5wd1tqtZVnwtFOLtnJzCP6+zWhg0=","evqaDiJCkRD+GEMrH5oafUNQv4a+y/Us7oZeHwHv5ho=","bRuYa5MdyluCZ4sT9v4wBz8cfsBcHQ32HHNvKaaRw5Y=","pRivgNsNy8RI05hbPXG8fE0wmBll+5wuJRbPYIhNQQs=","GMf+BzSMd085i2BNnIxTDvIuf7+rpMON4S+glU4HXA0=","sByCIUpVPURQG4MVOjS4sUsL67JAOPE8MssK2bNkr+o=","xtiwVgFEap/FafGiwTy+0mxH6xOdD1YlNZ/xWCOxD2E=","8B2j31G4R8C0Trw4oIB2BcOyFWQm6+27C2Y6pldvsvM=","K42oNW8MBDvL5WHAENfu9ezYK7FaIN8rJmyxZakocYs=","Y0YIw/UXpKtSCW8+QpMXIMmaGqZVTh+ONYafKtiB9bs=","hL/JyJmLb5T3+O67pcJQumztaH+JCUd3b2ixrhaTeyg=","jFOMGWo/anWROneRl4pj7FGRUJ6ym45tgdrZcrVVIc0=","uLPlykCPmWbx9HkP/fWa50J1MqN/DEfxclIzHlRCgtM=","zBNNdE7Fd00Y0QiUUUFnnSKXd4bs+NlHZ89C3BFKQMM=","X5tT/42a6U+LeyPbxfLnKYa8+TjPPJtZOMLio74aHEk="],"block_size":4096,"path":"libs/ecommerce.js"},{"block_hashes":["Bue/jTE/Y8/NFP7xXCg9A8qjHG7nqhMrZTOsZH+CwRI="],"block_size":4096,"path":"libs/extend-native-history-api.js"},{"block_hashes":["5x18wFgo67TPqq3fF2RDJ+MSP7/ZX4VayGFOlVZBDDg="],"block_size":4096,"path":"libs/permissions.js"},{"block_hashes":["tUc4/SxyIHLfvf4KqDL4xrrtRc8rb1E4SckCsOnAh28=","C4uEncZ92WaSCsDBAHu4yf4PbzvTkVOkYg+o/jbSz04=","gQ14NNCTzJcodW9qHu3OylY7AXPbcZitC3MBagAwjEc=","g8oN3flAje/o/7N3B05WM31efLR3WjhcOTg1Gel0UXA=","krya/0/iT3UQ2t6nx3jfGhZpxxHyOUvpVTAuHIbcZQY=","lYnKY2MTT+rKBQKqjlo5ZrU1Ooe+h1BggSJoYUWt3fI=","vKNlt47Cw6MbE3HdbYWMd3jkiPCJkwYQUgMgNNH7yHA=","KMwVf0DrsZgbI6DF0/ntDhaNnRtWIzXIbMWzM64Q6jE=","cLrzl/kd2NcIfhrx/Rc4CuiPeDL+IWd4Ebn8bk6GbxI=","PpdVNNxk/7TRRBeSPQC5/qfuoKVUb/jjnyM7SYSfmek=","2mUPUYwhZ+IeUR/FlfD8ijKJackKX5smaOTP4P0aV0c=","X9sjARpW1uqWNO3nOh5350RqCR3Ms7OlNoVfUAPpEkM=","jTQn0LQgpGJ5XF3ojrsTfQQnegiN5J97/jKItggFJ6Y=","9AA/VgLk2cMmL3ZqQvUi7qcyLMZUl0+9baTNDHygF8c=","vt3ZWnN/nKzZ4YTi/I1Vfnma721ry2KPDaKKZ6N4kLA=","NSV0ouIYrcz5uRPSyX5P/ZiIJQJ/dzndUwlqHgDTdKc=","EVCwQYXj0piVF1Xmo31U6w38FNU9VjaqNGaJ7VvbYDs=","9IVaOcGiwBs2nfJhyatBjCZSS2QWADH5SqyFavVmErY=","JkL2Amr1nZydZliFHmL1s29EuHJvObUHuLbirdBRmcg=","5UIWNtaF7Wh2IXgL06BnRXm+f2vOUaLUIId1fzM+HwU=","CW5MXzG9M2PZgur0P8Qgk8uj7uMVCvUoxFjww6fp9WM=","grMo4xMN6vFT7jQEGSpd87spKLC6o22jjmQ1Drjjp9Q=","uFhYmUIZgSpKFpsGtYkx3zoTVX+ofo/ondmdQtbuMdY=","r60eZ0jvWJyUFcfByVv7cfB8s50u25gcXvh46mic3XQ=","MDcfSBykXSYHfX2n6QAcZXvqbbrP3b1+aKzGNWYHPi0=","lPlqBkZtXMYj9KaOW3EIE9kwkXK8SP8yoGT02GaMVL8=","FgdY2FTCeg6D+OBzziKYrEpRePrULuFMKWNVEuGaMo0=","cWCqQ7TcdkbwzMMN0dc+I7C/X8ZpuDbOkVd8S22jKGo=","wSGUyzuAhXDpaJqnb6wNl0a8GjZwLUCpRw19z7Mkfo8=","jivSZLGRoSf6J71fKLMQWUTcvm56TLNz5HqGi5JErl4=","+aUQjsuX3mNLyarrPxGfNQQNi+vyrNxr9jNW+NExkzQ=","bIpmm4Y3lmLP1XiX61KtjtdQ9EieJJSD4CZcEuZ8gWc=","PiYIiN6DSvpu4fZIXIhaR3+UBYgAy78XzgkmDxv+oWQ=","X4GzGTTFaf89Erz/16LdySPWw5iFytt9UWRdzzcGjIc=","SWfxBGrDQnOgk40EIa9VvBWSpSZL1LUr0ousAmk/Tz4=","k9F7OGsYR9iA91YyyDIuBDiFwzA0IWerOK/zG9aMG9Y=","3izAb1bIHsDK9ZOXLYWTJrI0G/FtRkT0hBZUiQ4FWuo=","DXtSIlEBFgh3SqOtdoRNS8TafPSQjahBcV9/jbm+6y4=","JP9Sc6QQZOD13jmCnxqNtAyIIr4AU3YkpId8VoEXSa4=","96VAjxlTlvHCrjmd8FPTHZAi1wwZ9GXktAl/3d0AmK4=","Kt5Q5SRgllxqBzsbDBvjFv1abNssnD0E+iwnS27Uf34=","UUasNomqFX3nbf0GxBJg690MRzvBinfSrE/1LCpK8PA=","vM3dA4SW5RlPynGFET7y/r7KKTHWXaURH8gtV2hxV9I=","v7oh1DHiYQaq5OQMJqtEa1MkwDPNMTGPa01GzV6SeDI=","qfqL0xWUOhOrAXl5WwJn5xtyNX6tV6lOOGl6rClbhgs=","FRNOc7OmLzaK/pkc70ylPptlx2LWGoPK2iumYFw/qPA=","1DcM2QNHBvZIt5wB5tjeyUPMESkc+SDbah0GsQ5sTSQ=","LMmLm/xy9tRR8+ykuEjb75rJn1ZquEqOLPhQA8vHmCA=","/atSc1V1MfjNWdt7yA8jWdiq69qz4CdsmbUpgs0A5/k=","Wd8151R/ZU/unEi78mFdp1RTvL7CKKw2s38E0/K+v8Q=","1qAfJLo0gquwED3uAKsTCPGlWyVC14Sfi69/65TGAoY=","CGueQnmxoQ6NoheE65gQNad0ODrPkJ9Xb4Rq0YZ7CEo=","83/rEqaBAzChu9eC3osXVSjqUcBvzJZVvt4ellv6yAE=","Hq/4WAx1bEPNACbWHNFN39nQiI3oi19HyqNgxlCAa2E=","q3/dkgkPLWGPX8T5PLusbLNnPNZO4aNCs020IRcXZRA=","zNL7Xv8Tp7wl8qbk4vw9LVo0G1zk8qcf10Nn3Fb4YSo=","Ma6+Z+prj0x7Z5ADKkpIWaOR2U1NlpCP8ERCAQCigfo=","rFX2kMa8ej/R41FU3i70oe0HS1BvK/U+gzsFCBKRlgg=","ptwzx5HcvzkCKLuoowlcKvbhcO4m7nIK7MkLg1qmpJ8=","UmGAfkaXYMW8rv+3mtW7tNM6z2+917v3UGDcGsN9jn8=","tbXSMHp03tr2JnvSNCpr1VdmxxjhlxPyI/KFtXumQSg="],"block_size":4096,"path":"libs/processor.js"},{"block_hashes":["A7qWEnlxJZok68UtMH8g6MnD/EeBv91iXVTlQAi5x1E=","PJTAQhQIpgvX4y4YyNFifCNyeRNOIhbp1uBrwVH8qJ4="],"block_size":4096,"path":"libs/requests.js"},{"block_hashes":["ezyiSfJDWc7T4h0K8Vn2G/qTMTVBDCAGLgxBHhXH29k=","S23J4mITnbarBHWQSHr6ea6s/TbtLmffAl1hX80QvxQ=","H3TYPHuT4gwZIneDIhxyTkZI0PKjrk/U2EORquPuYIQ=","3p6ZaXK8rCD3piZNbn9gTy3dazNUyKui+760C4amK6Q=","4C9Dwsgse6+jLnWq9RpGB07bQoo4UJ3cChkAM63W1kQ=","RuVpDLlFjUH59youOk2RmhAtPJX0u/42bR4jWYE7ll4=","39hSwULXjjKFb+q2/TpWMFSsB+cai+seNC3H9s1v5fk=","hQP7QoFXr7Fxj+SxsONjD+gx+6HSzYCb7vAhkcWY37g=","doV7Eutq0t/6XKrVawaQZtHRpxlA6QjCPLNAko5I+Fk=","nKRnHSVPrki4OWj2LIRip7OAo9W4j2+cTekTDs4iNnA=","t9YzQijp2gr5z826G3vP6kJ87XvKAmfNY+K7Ztic0nM=","+h7XlFpzqNXCDq8Wfl2MLdevUg+kSzsUOD1/oxk0wQM=","LP8bIQlJyOGW75UmchvJFbtL0tOvXlGUYVhtG/K/vRc=","4C6v1MrRWDlCVBJNHfDBY2bspnW19zco9vBA5nfxIBk=","O+bwMUSM+C0r5e0sgrPhaa5GyqR8LNgm/loVejVai3s=","TA7Q9KneXq2jFWZcvZ7e8IwPs1x/GTF/zRtDZrpqa9w=","7sBdsuUNRQyVr6Gkoy8eA1H/mayBydl4AO81LurBDqE=","MN6a7Sicljxoj9hJygqNU7qAv+caMvO/zd5ZHyDhKwE=","2irB19NwQ1htpeMNJye6gafjEEyhW+72wgjfUnzS22I=","/GoeQhYGuBAb6fXAzDtkUkxGoi7kphio+h/ZfWvLYD4=","I0LJ91NochF9xhPvaCcqpobEXamVNPukdlvRtcJ4bfI=","p+2zCR0Nx5I6k/uy4EvAhO+mJispfDbVjDVHz/PKK3E=","G1LS9IbJAiC4F0NFLKXcFroFOJEE/Dzf+dREqxL0QcA=","2VTrKvJfn1ovkATF7D1EGbTpKw5rZV9G2JEvHLn6SUA=","ZuGNcGvJLCz4EU6z/ryJosUTDwRjXGpK7AmFSYUqRu8=","KdhbFMsXZP0naQyhGfeUEEdZJpPZX2iMCWgLC8qbin4=","h9ukslSI/RB2rTTw9YTWwyvuMG3vt7XNUnztjZlqEMc=","zD+6XHVMetnc70+CWrmQOzpSBsIzD/AwmIR4Yx+PoGU=","INpUpZ7AqJ7Y3rwkBiUlZYCW6DDqsWskrlBi8/Bat7M=","fZ8v37FySEyK6HVm0RLauSiCMuicThOkNphbz9Wk6ZQ=","QRWSqCv3z3mDylT8U10B9qa6kmm03xaIDOv6VSfAABI=","L33LnyaQ8gHusamI+sI1VhQeTIrcze65rbmRfqj970w=","FQ8TiYTaTqynZyQLD4FPjYpUMopY7DvadW8v8w8C8Hc="],"block_size":4096,"path":"libs/safe-browsing.js"},{"block_hashes":["PytDhsvZoP5GW8heBzAEBhl1tbkrzUSZFCMvpmrxevE="],"block_size":4096,"path":"libs/safe-browsing.js.LICENSE.txt"},{"block_hashes":["wHXzjsrCoPIayO236PccoBfHEST8BoVxm7ZyfN3MRjw=","v4S5nMfipr70Holet8juWT86MLQLZ+lJB2r0awEBSHY="],"block_size":4096,"path":"popup.html"}],"version":2}